text,actual_emotion,predicted_emotion,confidence,correct
im feeling rather rotten so im not very ambitious right now,Sadness,Sadness,0.6843998932626552,True
im updating my blog because i feel shitty,Sadness,Sadness,0.9861059900376212,True
i never make her separate from me because i don t ever want her to feel like i m ashamed with her,Sadness,Sadness,0.7493695052361442,True
i left with my bouquet of red and yellow tulips under my arm feeling slightly more optimistic than when i arrived,Joy,Joy,0.8430074538174158,True
i was feeling a little vain when i did this one,Sadness,Sadness,0.951920441662025,True
i cant walk into a shop anywhere where i do not feel uncomfortable,Fear,Fear,0.8782854006313434,True
i felt anger when at the end of a telephone call,Anger,Anger,0.27359988251038514,True
i explain why i clung to a relationship with a boy who was in many ways immature and uncommitted despite the excitement i should have been feeling for getting accepted into the masters program at the university of virginia,Joy,Joy,0.5762263447077928,True
i like to have the same breathless feeling as a reader eager to see what will happen next,Joy,Joy,0.8887698575578624,True
i jest i feel grumpy tired and pre menstrual which i probably am but then again its only been a week and im about as fit as a walrus on vacation for the summer,Anger,Anger,0.8287282932882999,True
i don t feel particularly agitated,Fear,Anger,0.44718974843506265,False
i feel beautifully emotional knowing that these women of whom i knew just a handful were holding me and my baba on our journey,Sadness,Sadness,0.3753867852085453,True
i pay attention it deepens into a feeling of being invaded and helpless,Fear,Sadness,0.5209301656549283,False
i just feel extremely comfortable with the group of people that i dont even need to hide myself,Joy,Joy,0.2466275892997074,True
i find myself in the odd position of feeling supportive of,Love,Love,0.8933217421520253,True
i was feeling as heartbroken as im sure katniss was,Sadness,Sadness,0.996634823834468,True
i feel a little mellow today,Joy,Joy,0.889259004807041,True
i feel like my only role now would be to tear your sails with my pessimism and discontent,Sadness,Sadness,0.7373312442032448,True
i feel just bcoz a fight we get mad to each other n u wanna make a publicity n let the world knows about our fight,Anger,Anger,0.5694238526534375,True
i feel like reds and purples are just so rich and kind of perfect,Joy,Joy,0.9583588360005508,True
im not sure the feeling of loss will ever go away but it may dull to a sweet feeling of nostalgia at what i shared in this life with my dad and the luck i had to have a dad for years,Sadness,Love,0.6397174828857878,False
i feel like ive gotten to know many of you through comments and emails and for that im appreciative and glad you are a part of this little space,Joy,Joy,0.9159663475294989,True
i survey my own posts over the last few years and only feel pleased with vague snippets of a few of them only feel that little bits of them capture what its like to be me or someone like me in dublin in the st century,Joy,Joy,0.7067892850414348,True
i also tell you in hopes that anyone who is still feeling stigmatized or ashamed of their mental health issues will let go of the stigma let go of the shame,Sadness,Sadness,0.7095580042522248,True
i don t feel guilty like i m not going to be able to cook for him,Sadness,Sadness,0.9664446172684907,True
i hate it when i feel fearful for absolutely no reason,Fear,Fear,0.9591439018882437,True
i am feeling outraged it shows everywhere,Anger,Anger,0.9581286843829202,True
i stole a book from one of my all time favorite authors and now i feel like a rotten person,Sadness,Sadness,0.5017124488263791,True
i do feel insecure sometimes but who doesnt,Fear,Fear,0.986414371034538,True
i highly recommend visiting on a wednesday if youre able because its less crowded so you get to ask the farmers more questions without feeling rude for holding up a line,Anger,Anger,0.4022661168281811,True
ive been missing him and feeling so restless at home thinking of him,Fear,Fear,0.8601096509646995,True
i posted on my facebook page earlier this week ive been feeling a little grumpy and out of sorts the past few days,Anger,Anger,0.6733129272693503,True
i start to feel emotional,Sadness,Sadness,0.9604343042583817,True
i feel so cold a href http irish,Anger,Anger,0.9050258797295782,True
i feel like i m defective or something for not having baby fever,Sadness,Sadness,0.9526491160273858,True
i feel more virtuous than when i eat veggies dipped in hummus,Joy,Joy,0.9955426639664823,True
i feel very honoured to be included in a magzine which prioritises health and clean living so highly im curious do any of you read magazines concerned with health and clean lifestyles such as the green parent,Joy,Joy,0.924746214178314,True
i spent the last two weeks of school feeling miserable,Sadness,Sadness,0.9748237292601034,True
im feeling very peaceful about our wedding again now after having,Joy,Joy,0.944749775874464,True
i had been talking to coach claudia barcomb and coach ali boe for a long time and they both made me feel very welcomed at union,Joy,Joy,0.8693936944746625,True
i feel if i completely hated things i d exercise my democratic right speak my mind in what ever ways possible and try to enact a change,Anger,Sadness,0.3262159881124219,False
i feel humiliated embarrassed or foolish i will remember that others have felt the same way because of the same kinds of things and i will be kind and helpful and accepting,Sadness,Sadness,0.9982150437680383,True
i feel reassured that i am dealing with my diet in the right way and that all is good,Joy,Joy,0.9738203194031668,True
i feel i have to agree with her even though i can imagine some rather unpleasant possible cases,Sadness,Sadness,0.6918120010364032,True
im in such a happy mood today i feel almost delighted and i havent done anything different today then i normally have it is wonderful,Joy,Joy,0.8856597241562343,True
im feeling really out of place and irritated,Anger,Anger,0.9518308377560978,True
i also know that i feel nothing than a friendly affection to them too,Joy,Joy,0.6341790214485514,True
i feel like i had a rather productive weekend and i cant always say that no matter how much i get done,Joy,Joy,0.5944944854249522,True
im feeling insecure at the moment,Fear,Fear,0.9967115812732076,True
i was feeling pretty anxious all day but my first day at work was a very good day and that helped a lot,Fear,Joy,0.3536051111389143,False
i stood up to you i finally stood up to you and now i feel like im being punished if i could go back and do it again,Sadness,Sadness,0.9721439490522801,True
i feel a little nervous i go to the gym,Fear,Fear,0.9837057531781203,True
i feel like i could go into any situation and become successful because i ve been competing all my life explained schaub in an interview with the a href http bleacherreport,Joy,Joy,0.8450562725195412,True
i can t stop the anxiety i feel when i m alone when i ve got no distractions,Sadness,Sadness,0.44874228164704777,True
im trying to feel out my house style now that im living on my own and have creative carte blanche,Joy,Joy,0.6145971882685396,True
i have tried to see what it would be like if i liked one of my girl friends but it has never really worked and i can only ever feel an emotional connection to them because they are my friends,Sadness,Sadness,0.5249969768041145,True
i had every intention of doing more gardening this morning while it was still cool but i was just feeling so rotten,Sadness,Sadness,0.8582330604238728,True
i have a good feeling about this so i am excited,Joy,Joy,0.9564078217766299,True
i feel like i am just starting to understand the blessings that come from being submissive to the will of the father,Sadness,Sadness,0.9384390701798623,True
i think about the things ive said and the stuff i have done it makes me feel disgusted in myself when i should be making you happy and smile which i was far from doing,Anger,Anger,0.7228564110931481,True
i woke up yesterday monday morning feeling a little depressed,Sadness,Sadness,0.7747692920711695,True
i feel so embarrassed,Sadness,Sadness,0.9996512585543718,True
i spent wandering around still kinda dazed and not feeling particularly sociable but because id been in hiding for a couple for days and it was getting to be a little unhealthy i made myself go down to the cross and hang out with folks,Joy,Surprise,0.4501861169309673,False
i can honestly say that after each sistahs chat i feel invigorated and blessed,Joy,Joy,0.9967972270227923,True
i still feel stupid to be in that class this is all cause off pbss fault,Sadness,Sadness,0.8951631218243256,True
i feel a little stunned but can t imagine what the folks who were working in the studio up until this morning are feeling,Surprise,Surprise,0.637753113776497,True
i admit im feeling a little bit unloved at this point,Sadness,Sadness,0.794569524320249,True
i feel a bit stressed even though all the things i have going on are fun,Anger,Sadness,0.2971072460960457,False
im feeling pretty anxious,Fear,Fear,0.7997116245916919,True
i feel shocked and sad at the fact that there are so many sick people,Surprise,Surprise,0.96756459799282,True
i think they have always been proponents of the idea and it is just slightly possible that his feelings for a particularly charming new england girl have brought him around to their way of thinking,Joy,Joy,0.5487904186567805,True
i feel like a naughty school girl because i am falling behind,Love,Love,0.9666677492475108,True
i am right handed however i play billiards left handed naturally so me trying to play right handed feels weird,Surprise,Surprise,0.283823357420651,True
i can feel that they are kind friendly and can understand my feelings,Joy,Joy,0.5922244383873165,True
i were to go overseas or cross the border then i become a foreigner and will feel that way but never in my beloved land,Love,Love,0.3565399051083076,True
i feel disgusted in any man in power who talks about electricity being a problem in his area and says even my own house has similar problems,Anger,Anger,0.8193668998477236,True
i feel transcendant and splendid,Joy,Joy,0.9664134656678647,True
i finally arrived home a couple of hours later feeling somewhat exhausted dehydrated and even sun burnt,Sadness,Sadness,0.8689556894554983,True
i am feeling totally relaxed and comfy,Joy,Joy,0.900555753026741,True
i want each of you to feel my gentle embrace,Love,Love,0.9745952409477907,True
i feel privileged in my world,Joy,Joy,0.9984472368885083,True
i am not a people person but for some fuckin reason people feel that they can come bore me with their fuckin petty garbage,Anger,Anger,0.706848047120355,True
i realized my mistake and i m really feeling terrible and thinking that i shouldn t do that,Sadness,Sadness,0.9362427127301863,True
i suppose i feel too trusting sometimes,Joy,Joy,0.762956524556619,True
i came home waiting for the shower read something which made me upset thats why i feel discontent haha,Sadness,Sadness,0.8433036380085798,True
i woke up feeling crappy tired and fighting this feeling all day maybe it is all the pollen the barometric pressure i dont know i know i was off kilter,Sadness,Sadness,0.7643206866342089,True
i feel like i am in paradise kissing those sweet lips make me feel like i dive into a magical world of love,Joy,Joy,0.44241242504084644,True
i am feeling so happy,Joy,Joy,0.8678583037978052,True
i am running at an approximate minute pace which i feel is quite acceptable,Joy,Joy,0.8366260024537254,True
i feel so disappointed when my ex girlfriend doesn t call me back,Sadness,Sadness,0.9765322803740796,True
i have a feeling that people are using it more than they need to and enjoying the feeling as it flies carefree off the tongue but that is alright with me,Joy,Joy,0.8768422772083428,True
i am feeling uncertain of the merits of posting to this blog with the frequency or earnestness i had been over the previous year,Fear,Fear,0.9148852674978881,True
i just plain feel envious of the self confidence they had,Anger,Anger,0.9885581188961635,True
i was feeling weird the other day and it went away about minutes after i took my metformin,Fear,Fear,0.42815127360063726,True
when a friend dropped a frog down my neck,Anger,Anger,0.2208465576966912,True
im feeling angry at someone i do something thoughtful for her and my feelings toward her soften,Anger,Anger,0.7245611185774445,True
i love neglecting this blog but sometimes i feel for my faithful readers,Love,Love,0.5870103604343144,True
i lay in bed feeling as though i were awaiting an unwelcome visitor nevertheless i told myself i was strong and thought of good things until i felt better,Sadness,Sadness,0.7461436789329893,True
i feel my heart is tortured by what i have done,Anger,Fear,0.3710582114289822,False
i was still feeling weepy and strung out so maggie treated me to ice cream and a movie a href http www,Sadness,Sadness,0.9106885647869382,True
i feel needy but comfortable with it i feel vulnerable but secure i feel the urge to cum hard but i get no relief,Sadness,Fear,0.9463412201283227,False
i journaled about my tendency to sometimes overcommit myself which can make me feel exhausted and overwhelmed,Sadness,Sadness,0.9416562673697125,True
i started out feeling discouraged this morning,Sadness,Sadness,0.9985743637742999,True
i feel agitated with myself that i did not foresee her frustrations earlier leading to the ending of our relationship,Fear,Anger,0.6201729124051114,False
i grab it from the air its smooth frame feels cold to the touch,Anger,Anger,0.7414221324509733,True
i was angry at my boyfriend who had promised to come to see me but did not because he spent the evening with his pals,Anger,Anger,0.46044484253956597,True
i hate that i m sitting here at the hostel writing this and feeling so perfectly fine and than i get home and it s me and my problems and a wall,Joy,Joy,0.3004790258653166,True
i do exercise i feel energetic and i am able to perform my other tasks in a very good manner,Joy,Joy,0.9896069792750624,True
i looked at mabel this morning i named my left breast mabel my right one is hazel and i feel this weird mixture of anger and loss valerie wrote less than a month after her diagnosis,Fear,Surprise,0.26541577329272914,False
im feeling pretty disheartened by the whole thing,Sadness,Sadness,0.995763106137021,True
i feel that an input from me will be valued as being less potent than say that of irfan pathan,Joy,Joy,0.9305155229733842,True
i feel is he generous,Love,Love,0.4178010184510232,True
i even feel a little shaky,Fear,Fear,0.9898232372028933,True
i am feeling better though i dont sound it,Joy,Joy,0.507318364520047,True
i always feel troubled when we re on the road touring living in a van or more recently in the circus buses no place to hang my hat as the song lyric has it,Sadness,Sadness,0.8539669674752735,True
i feel our world then was a much more innocent place,Joy,Joy,0.983876686620582,True
i feel thoroughly virtuous even if the daily trip to the compost bin isn t the most pleasant experience,Joy,Joy,0.9892763638621055,True
im not feeling anything suspicious really,Fear,Fear,0.9746983966098678,True
i was feeling a little sentimental today,Sadness,Sadness,0.9792313837682474,True
i feel like i know who most of them are by now and am starting to develop my likes and dislikes though i have not been keen on the snap evictions they have seemed pretty pointless the first one to go returned and the two webmates made absolutely zero impact on me so they won t be missed,Joy,Joy,0.7721932642462489,True
i feel less whiney since the sun came out here in the sf area,Sadness,Sadness,0.507208096660789,True
made a wonderfull new friend,Joy,Joy,0.6120691135098797,True
i feel almost embarrassed to mention the single redshank and common sandpiper but there again who would not want to mention the lone wood sandpiper present at the waters edge,Sadness,Sadness,0.8081350052865213,True
i know its easy to feel a little envious of me and i cant tell you that you shouldnt,Anger,Anger,0.9423353575058372,True
i would feel awful if she was here this whole time,Sadness,Sadness,0.9692375599509363,True
i feel very mislead by someone that i really really thought i knew and liked very much so,Love,Love,0.3082656296496248,True
i feel like we are doomed us humans,Sadness,Sadness,0.9945204290124281,True
i am going to have to check on in just a few minutes but there is this clock up above the screen that keeps ticking down the minutes i have left so am feeling a bit frantic,Fear,Fear,0.837405963830242,True
i got the sleep but if i could choose not to be woken up by an alarm i d definitely take that over anything it makes me feel so groggy,Sadness,Sadness,0.8028364228929145,True
ive been boring for few weeks and feeling a bit gloomy cause of the rainy days,Sadness,Sadness,0.9991019859169857,True
i feel that this information is vital to moving on with your day and you re not complete until you read it,Joy,Joy,0.9177772728715694,True
im feeling generous today heres one more you may have already seen but is good for a chuckle,Love,Joy,0.8281726324668401,False
i will feel awkward about just calling up one of these people out of the blue to hang out or rather to be familiar with them on a deeper level they are not my kith and kin,Sadness,Sadness,0.8871601170223496,True
i don t like the feeling i get when someone is even a little bit offended by some offhand remark i ve made,Anger,Anger,0.8760576657839347,True
i get it crumble but thanks for feeling the need to tell me that im the one who is fucked up,Anger,Anger,0.7113851386768983,True
i am controlling the growth of this business and every time i post work for a client i feel even more determined to make it a full time business one day,Joy,Joy,0.8267421921343897,True
i was pregnant with dean i spent the rest of my pregnancy feeling terrified about having another baby,Fear,Fear,0.8325150774253132,True
i actually feel agitated which led to a terrible day yesterday in which i was unable to concentrate on anything and basically piddled the day away,Anger,Anger,0.3664426351092282,True
i have an ed i will tell you that i know i shouldn t feel shamed of eating a protein bar for breakfast and the fact that i ate one isn t what makes me shameful it s the fact i didn t make it is what made me hang my head and tuck tail,Sadness,Sadness,0.8123051035315489,True
i feel radiant bright accomplished and happy,Joy,Joy,0.9910863952603315,True
i feel refrigerator magnets that were so popular a few years ago,Joy,Joy,0.9254164873766405,True
i am feeling very touch deprived with all that has been happening,Sadness,Sadness,0.9375177724519216,True
i am feeling apprehensive about it but also wildly excited,Fear,Fear,0.9989927006750864,True
i was feeling pretty relaxed by the time i boarded the very new looking airbus and headed into the hazy sky en route to honolulu,Joy,Joy,0.8944053221681492,True
i am a quiet person but what i have to say i feel is important,Joy,Joy,0.7008707059979233,True
i think i started to feel a little homesick,Sadness,Sadness,0.9806945638705132,True
i am feeling eager to start doing some work the man who works there literally says so uhm you guys want to go in back and see if we can find anything to do,Joy,Joy,0.8379758016445078,True
i feel uncomfortable since i have a smaller rib cage and a bigger chest either i am spilling over the top of the tank or the elastic band support is too tight or too loose,Fear,Fear,0.6336623214068562,True
im feeling reluctant to exit my freshly cleaned apartment which i stayed up cleaning late last night,Fear,Fear,0.9652387251973983,True
i feel that i need to know that i can depend on myself before i put myself in the position of supporting someone else and being supported by someone else,Love,Joy,0.29697170170036225,False
im feeling rather angsty and listless,Sadness,Sadness,0.9376129213995539,True
i try my best to love on them shed some light but i feel deeply compassionate with their problems and hurt even if its someone in the media,Love,Love,0.6268345547158459,True
i was so uncomfortable and feeling weird feelings but wasn t sure if they were contractions since i never really felt contractions with jared until they jacked me up with pitocin,Surprise,Fear,0.6320718016760192,False
i feel gloomy and tired,Sadness,Sadness,0.9999459163070925,True
i really like this person feel that the question was really asked out of a sincere place of love and concern about how to move forward in light of what the sexuality study recently a href http www,Joy,Joy,0.8095948013457234,True
i would force myself to eat my normal routine clean meals a day but then i just started feeling so awful,Sadness,Sadness,0.6725105642203848,True
i feel rather privileged to have witnessed the great man in action it really was impossible for a novice like me to work out just which one of the four identical looking riders was he,Joy,Joy,0.6435289361916957,True
i feel like im at the spa getting a wonderful facial when i use them,Joy,Joy,0.9039036517181663,True
i feel petty all of a sudden,Anger,Anger,0.9837941662980397,True
i hope you like this more honest amp raw blog post amp if you are feeling unhappy i hope this makes you feel less alone,Sadness,Sadness,0.8435992839220003,True
i feel slightly disgusted as well,Anger,Anger,0.9281227974169189,True
i was quite surprised with the weather these past few days but im so thankful for that since i still can wear my shorts out without feeling that cold yes no kidding,Anger,Joy,0.36237609171645885,False
i feel slightly relaxed being a,Joy,Joy,0.8351177875633473,True
i feel shy to admit that i was struggling to haul a single computer up,Fear,Fear,0.928976466852046,True
i just went about my script of would you like mustard or sauce with that and started to feel really startled,Fear,Fear,0.4965401310423342,True
i enjoy my colleagues i m not feeling very sociable today,Joy,Joy,0.9758346028364034,True
im feeling and if ive liked being pregnant,Love,Love,0.4134419190165714,True
i then feel your tender touch as you enfold me with his love,Love,Love,0.9906507499316534,True
i lost a few people which i hate because i have a really hard time letting go of people to whom i feel loyal,Love,Love,0.8874604474531309,True
i have had no interest at all to make any effort to meet men and when the chance arrises i then feel burdened with negative thoughts of he ll just be another idiot only after one thing,Sadness,Sadness,0.9057236056371909,True
i feel i m being nutritionally supportive of it as well,Love,Love,0.9039980303170302,True
i feel impatient i just post a blog entry and i feel ive gotten some words written and out into the world,Anger,Anger,0.7729242138023169,True
i am trying my hardest so i can get to a place where i can join you and finally feel like i have something worthwhile to say,Joy,Joy,0.9801957764918545,True
i have to admit i feel amused when i see the pti jamiat and a whole lot of others in the media try to avoid the suggestion that they are actually protesting the use of sharia in the case of raymond davis s release,Joy,Joy,0.9131698297911719,True
i feel embarrassed that it got so bad,Sadness,Sadness,0.9983497720192538,True
im feeling really bitter about this one,Anger,Anger,0.9227381764781438,True
i feel brave today heading to amman and beirut by way of istanbul or i feel brave today a href http jessicadickinsongoodman,Joy,Joy,0.9682166713455153,True
i had a fab christmas and an amazing new year with my family and friends and against all odds i feel very optimistic about,Joy,Joy,0.9960025134715351,True
i feel like a loser everyone says they lost but i dont i know exactly where i am i just hate being here oh,Sadness,Sadness,0.5227699316623362,True
i feel defeated but others i feel refreshed,Sadness,Sadness,0.9858595365597881,True
i was feeling particularly vulnerable in a specific area so i began to talking to my friends and interestingly enough there was an incredible understanding of my struggle,Fear,Fear,0.7324427562508742,True
i go onto the officer down memorial page and reflect on my feelings about that wonderful officer which seems to make me feel a little better,Joy,Joy,0.7821057482554119,True
im with a group of people i still feel isolated and on the outside looking in,Sadness,Sadness,0.9845034240140147,True
i feel blessed to know this family,Love,Love,0.5064802468999944,True
i feel terrified because my landlord has not changed our locks yet,Fear,Fear,0.9799520756171156,True
i am loosing out but i feel like i have have so much to share with many and if anything that is not unfortunate if anything it makes me grateful,Sadness,Sadness,0.6846495031065533,True
i don t like eating meals that feel too virtuous,Joy,Joy,0.9963525595638169,True
i left feeling pretty thrilled for the opportunity to at least throw my name in the hat,Joy,Joy,0.7971047995823121,True
i feel kinda weird when andrea tries to talk to me about chris,Fear,Fear,0.33867549726878987,True
i loved about ellie is that she didnt feel insulted by all the rude douche baggy things lothaire said to her because according to ellie insults only hurt when they come from somebody you respect damn straight,Anger,Anger,0.9648820080157635,True
i feel was pretty triumphant,Joy,Joy,0.9994795639181949,True
im enjoying my solitary confinement at home i rarely feel lonely,Sadness,Sadness,0.623014875956409,True
i am being over dramatic but i do feel very strongly for her and i am resolved to speak with her next chance i get,Joy,Joy,0.9033271039944486,True
i really dont like quinn because i feel like she will just end up hurting barney and i hated the lame ted robin storyline,Anger,Sadness,0.6345000750755221,False
i feel so lousy but i shouldnt be focusing on me now,Sadness,Sadness,0.9827229619418305,True
i cant remember ever feeling so exhausted it took trips with the car on the last day to get everything brought to the trailer,Sadness,Sadness,0.8980450440755766,True
i wrote two years ago so many things i feel unsure of maybe,Fear,Fear,0.9186775054294315,True
i feel suspicious of informality and a lack of credentials,Fear,Fear,0.998311335053827,True
i receive every month make me proud and feel appreciative,Joy,Joy,0.9981154606837429,True
i feel that third situation pretty much sums up my feelings toward this title,Joy,Love,0.46420223387327486,False
i wanted to feel him in my hands and reached out to take him into my waiting eager mouth,Joy,Joy,0.6865867301278206,True
i feel more gentle that way wth,Love,Love,0.9914435348473583,True
i got home feeling hot tired and great,Love,Love,0.585091815730995,True
i feel more creative,Joy,Joy,0.9694153540856743,True
i feel so talented i can use a computer,Joy,Joy,0.9818776720735244,True
i feel unfathomably rich in having had a healthy pregnancy so far,Joy,Joy,0.9131888733853165,True
i wish to know whether i should feel sympathetic towards the airline american if say their plane is on fire or their pilot has exploded or whether i should want to set them on fire if say they just decided to walk on their obligations to save money,Love,Love,0.9409589874225979,True
i don t want them to feel so pressured,Fear,Fear,0.9857256975878966,True
i still feel frightened of the world yet no where near as much as i used to,Fear,Fear,0.9831438841920461,True
im not feeling mellow,Joy,Joy,0.995134094927134,True
i wake too early so i feel grumpy,Anger,Anger,0.9670996753644927,True
i believe you all will come to my work place and just try to make me feel humiliated but you know what deep down in my heart i know who is the one who should be ashamed of themselves,Sadness,Sadness,0.9919631957202276,True
i did finally get it if you didn t laugh left me feeling delighted exhausted and just so privileged,Joy,Joy,0.8781953413844609,True
i was remembering this i was feeling skeptical,Fear,Fear,0.9922463660220663,True
i have some pretty brazen goals and each day i feel stronger and more confident that i m going to reach my desired end result,Joy,Joy,0.9534321734594389,True
i feel dirty talking to people for my personal gain,Sadness,Sadness,0.9686507424558645,True
i sat there cold i flashed back to going to the hockey city classic and the degree weather and it feeling just as cold even though there was about a degree difference this night,Anger,Anger,0.4856995747187819,True
i feel numb as i carry on and i wonder if i will get over it,Sadness,Sadness,0.9749985571618353,True
i was somewhat coerced into this blog review so i feel a bit rushed and flustered,Anger,Anger,0.756669894441636,True
i guess i wont feel too jealous since i often do my mothering at the pool but its nice to have a husband again,Anger,Anger,0.8816090424249109,True
im not sure how i feel about needing to exercise so as to maintain a pleasant demeanor,Joy,Joy,0.7560130448729657,True
i feel alarmed,Fear,Fear,0.9953700539291741,True
i think i wanted audiences to feel impressed inspired or entertained when i was on stage,Surprise,Surprise,0.628365419467242,True
i wasnt feeling well yesterday morning afternoon so i just laid in bed and ended up in the all too familiar youtube black hole,Joy,Joy,0.7981696479307603,True
i have these terrible feelings that i hyped myself up to be more talented than i am,Joy,Joy,0.8016901390423459,True
i do take on a half marathon challenge then i will wait and see how the body feels as to whether there will be a pb attempt or a casual kilometre shuffle,Joy,Joy,0.8485598728090546,True
i couldn t help but feel pissed off at both sides of the debate and the unnecessary dichotomy itself,Anger,Anger,0.9582832534240896,True
i feel like i cant be respected if i have self respect because it is so regular to now hate your self,Joy,Joy,0.7225276166822433,True
i smiled at him feeling his longing and said maybe later buddy but i have to make lunch now,Love,Love,0.9169154418297034,True
i am truly unfortunate the majority of the time i m usually drained but i obtain it hard to get from bed i really feel restless and others,Fear,Sadness,0.9400089557965854,False
i am feeling rather damaged,Sadness,Sadness,0.9174661657766232,True
i said i feel ugly today,Sadness,Sadness,0.9965606070586557,True
i left my garmin on my bike so i was going to have to do this by feel coming out of transition its amazing hearing cheers and your adrenaline is just going crazy,Joy,Joy,0.6685775249319601,True
i feel so smart when i find ways to trick myself like this,Joy,Joy,0.9647358483620195,True
i love to dance but often feel inhibited by my own body unsure what i am capable of hyper concerned about other people watching me and having opinions on my style or just feeling awkward as if i have no idea what i am supposed to do here,Fear,Sadness,0.6504718051528403,False
i feel like cards are the perfect thing to make with them,Joy,Joy,0.7090827913743383,True
i feel like some heroine of some tragic manga,Sadness,Sadness,0.9265031414662535,True
i just feel safer than working part time casual at hr,Joy,Joy,0.9841595552557385,True
i was ambushed again it was apparently my fault again i feel worthless,Sadness,Sadness,0.9635460074836872,True
i feel privileged to be a part of something so eternal and so precious to the lord jesus he shed his blood so that churches like this could exist,Joy,Joy,0.9846425181747165,True
i feel wholly inadequate to the task before me,Sadness,Sadness,0.974798364213421,True
i have a feeling this is a bit naughty scanning an article from a magazine but i know that so many people would love to read thi,Love,Love,0.8255359344062095,True
i see you on the pitchers mound at our little league diamond i feel so anxious for you because it looks so isolated over there,Fear,Sadness,0.6704508385209539,False
i feel like i am joining the masses which goes against my rebellion of the popular mentality ha i m so goth but i take peace in knowing that i am not making the same resolutions as everyone else,Joy,Joy,0.6522398026762783,True
i feel disillusioned with the occult so i have come to feel a greater connection to the earth,Sadness,Sadness,0.9813623820977933,True
i feel stupid whenever this happens,Sadness,Sadness,0.9566542709280936,True
i come home and feel so shitty i cant bring myself to do all the work i need to do,Sadness,Sadness,0.9759296670725116,True
i feel like my irritable sensitive combination skin has finally met it s match,Anger,Anger,0.7686466424087605,True
i like it though its very over the top but makes me feel clever by association,Joy,Joy,0.989123542092897,True
i will practice meditation if i feel overwhelmed and hopefully become successful in peaceful practice,Surprise,Joy,0.9811522952001681,False
i feel like it was all in vain cant be right and feel this wrong this heart of mine is just,Sadness,Sadness,0.8164292279164382,True
i hope everyone can help with charity work without feeling stressed about such things,Sadness,Sadness,0.3864857252490967,True
i feel so guilty for putting my child in daycare,Sadness,Sadness,0.9596725827067369,True
i get frustrated that unresolved issues from my past have had a severe negative effect on my behavior and feel he must be angry that i have not resolved them by now,Anger,Joy,0.6045048544993187,False
i feel blessed beyond blessed to share my life with you each week,Love,Joy,0.49681233731271013,False
i feel devastated over things that i have lost i will remind myself to be grateful for what i still have,Sadness,Sadness,0.9946679775921765,True
im feeling energetic,Joy,Joy,0.9997176270495763,True
i have come to understand that feelings are neither positive nor negative,Joy,Joy,0.29256856832693856,True
i just don t like to be asked about the reason behind my mood when i m feeling gloomy laughs,Sadness,Sadness,0.9795701386166091,True
i feel really bothered about the lack of time i get to find inspiration,Anger,Anger,0.8942174416736355,True
i used to be able to hang around talk with the cashier when i was putting away my money now i feel rushed and stressed if i take a second to fumble with the coins and put them in my purse,Anger,Anger,0.7495120749128955,True
i feel frustrated or the world around me lies shattered i just go and walk in the rain so that no body could see my eyes full of tears this is the delivery system of justice as conceptualized by our courts which we are learning the hard way,Anger,Anger,0.4658806548202512,True
i realized what i am passionate about helping women feel accepted and appreciated,Joy,Love,0.6455016592951972,False
i could change the emphasis and say i am stella and i m noticing i m feeling impatient,Anger,Anger,0.9618319440743365,True
i don t like outsourcing because i m a picky sod and usually end up feeling dissatisfied with the work of others but i have to force myself to outsource because you need to realize you can t do everything yourself,Anger,Anger,0.9294147128594469,True
i feel so blessed and honored that we get to be its parents,Love,Joy,0.97319307531371,False
i do feel welcomed but it s a little weird,Joy,Joy,0.8950260424019619,True
i feel like i entertained sd all day,Joy,Joy,0.9117898343031732,True
ive struggled mightily through today and even though i feel cranky and tired and unmotivated still i really am not going to be going to sleep before eleven thirty,Anger,Anger,0.6893480445249278,True
i remember sitting out on the porch feeling drained and alone even as sunlight bathed my hair in warm radiance and a light breeze cooled my cheeks,Sadness,Sadness,0.7069645353189971,True
i didnt feel i rushed things dhawan tweet script type text javascript src http platform,Anger,Anger,0.6814179801791949,True
i realized i was feeling really irritated while i was saying that,Anger,Anger,0.9533175802448444,True
i am balancing on my hands with my feet hanging over and it feels like pretty far and im terrified to let them drop but im totally calm at the same time hanging here,Fear,Fear,0.46136571540148374,True
i feel so fucking worthless,Sadness,Sadness,0.9684883140538586,True
i feel like a lot of men are royally fucked up and go through life wreaking havoc and end up destroying themselves in the process,Anger,Anger,0.8775128112880923,True
i feel devastated that my art style can be copied,Sadness,Sadness,0.9931516493704015,True
i feel fine about feeling well fine,Joy,Joy,0.998329825178199,True
i can only begin to feel how distraught she must be,Fear,Fear,0.986539787974025,True
i also didnt feel i could be mad at god because i know inside me that god does nothing without a purpose,Anger,Anger,0.3258596201415538,True
i think we were both feeling a little drained from work as well,Sadness,Sadness,0.7588018405584824,True
i gather supplies and start to check her progress via internal exam the head midwife prepares to start an iv and calmly asks others for more assistance i feel reassured by her calmness,Joy,Joy,0.8823979542253743,True
i feel crappy i eat crappy,Sadness,Sadness,0.9917917686027212,True
i feel more of numb now,Sadness,Sadness,0.9970369982264684,True
i feel extremely honoured to have received such a prestigious award,Joy,Joy,0.9695730415913176,True
im feeling adventurous and successful in my quest so far,Joy,Joy,0.9999580153063866,True
i feel so thrilled to have three such distinguished individuals such as yourselves here,Joy,Joy,0.9518461753751116,True
i figured my parents wont make me feel accepted so i stopped trying i turned to romantic relationships with men,Love,Love,0.7424948058995569,True
i was left feeling empty,Sadness,Sadness,0.9832417816594675,True
i feel pretty much like this scene from a href http www,Joy,Joy,0.6981343332140865,True
i may not have really been feeling superior but i certainly was feeling that i had the answers wasnt i,Joy,Joy,0.9891055709000239,True
i just feel are ludicrous and wasting space or so trite they should have looked at the book first and come up with something a little more original,Surprise,Sadness,0.26322480609896476,False
i feel like a wimpy canoe floating towards a rising tsunami,Fear,Fear,0.8912525590904484,True
i feel sympathetic towards her she was tired and weary and i can see how a split second doubt could make the effortless action of standing still seem like the better option,Love,Love,0.9492231466290638,True
i start to feel unloved and unappreciated,Sadness,Sadness,0.9881282890339501,True
i just want to know the feeling of loving and be loved,Love,Love,0.9597582597429373,True
i feel strange talking about less serious things right now like cooking,Fear,Fear,0.46544429772906587,True
i sometimes have urges to just freak out because i feel so bothered and usually nothing has caused me to feel bothered or irritated i scratch my arms when i m mad,Anger,Anger,0.9934401000058549,True
i feel miserable and he doesnt care,Sadness,Sadness,0.9898750237585021,True
i am not surprised cause its like ok when you feel crappy and it just continues for like days or so you really try to avoid getting that sickness again,Sadness,Sadness,0.6775455654538867,True
im feeling slightly irritable today,Anger,Anger,0.9907305943163145,True
i like to add things that i already completed in my day to a new list just to feel more productive when i cross them off,Joy,Joy,0.9443785856310213,True
i always feel rushed during these emails which i dont like but asa este,Anger,Anger,0.9208577258677785,True
i feel like now its more of sweet apple now,Love,Love,0.5035422591625552,True
i was so impressed with the show especially for hs and i was moved by these talented kids but then again i feel very passionate about productions and music and theatre in schools so i am always happy to endorse many hs productions throughout their seasons during this time,Love,Joy,0.6806201968589298,False
i feel like i should be supporting them somehow but im not sure how,Joy,Joy,0.4370615644051107,True
i have a lot going on in my life and feel overwhelmed,Fear,Surprise,0.4780822111226395,False
i took for granted a few weeks ago is really weird and makes me feel really agitated and frustrated,Anger,Anger,0.4765966755403566,True
i also know what it feels like to be in a relationship where you feel like a burden and too much and not worth loving or pursuing and its just,Love,Love,0.3823753175935823,True
i know what you mean about feeling agitated,Fear,Anger,0.502231503842927,False
i am feeling pressured to blog the bad,Fear,Fear,0.986001089638901,True
i feel like being sociable and just aaaah,Joy,Joy,0.9893959762436575,True
i didnt feel at all deprived having it in my chai this morning,Sadness,Sadness,0.9965636326124948,True
i was feeling very unsure of myself and at near breaking point,Fear,Fear,0.9730616290114951,True
i remember leaving church feeling invigorated every sunday and tuesday night,Joy,Joy,0.9820656514876052,True
i will nolonger tell anybody how i feel or what im thinking cause all it seems to do is get me more hated than i already am,Sadness,Anger,0.341374056571446,False
i asked her what she meant by shes gonna feel jealous having loada of girls over me and then she said maybee i do like you a bitt,Anger,Anger,0.9237339552119923,True
i feel that i am supporting the troops by demanding that we not send our young men and women into harm s way to bear arms against a country that has done nothing to threaten us at any point,Love,Love,0.28673363880877956,True
i feel all funny sometimes,Surprise,Surprise,0.9815580056477767,True
i am feeling crampy and cranky,Anger,Anger,0.9712810491637238,True
i indicated then i was feeling quite overwhelmed with work responsibilities teaching traveling and writing,Fear,Surprise,0.41610710733208117,False
i just say that i am not even feeling embarrassed when i pause and rewind my dvred commercials if the breaking dawn preview comes on,Sadness,Sadness,0.9060744369860355,True
i spend a lot of time feeling disappointed with myself for not doing a better job at attaining my goals,Sadness,Sadness,0.8767019552520443,True
i feel stressed but i love the feeling of the calming spirit of my heavenly father and the feeling to keep working,Sadness,Sadness,0.31651435211564877,True
i feel more thankful being greeted by many friends and families,Joy,Joy,0.8084139936541153,True
i no longer feel doomed to falling into the abyss with no way out,Sadness,Sadness,0.9861245648298438,True
i bought it at urban outfitters so it could fit mm film and have been feeling remorseful ever since,Sadness,Sadness,0.9022308218891505,True
i just can t feel accepted,Love,Love,0.4368399990144951,True
ive a feeling briar beagle would give me one of her disgusted looks if i even tried exercising her in these souless surroundings,Anger,Anger,0.4569625216607674,True
i just need to accept to be treated like a princess everyday without feeling dumb about the situation,Sadness,Sadness,0.798025069610126,True
i just got up from a nap feeling really rotten so exhausted that i feel like i could just wilt onto the floor just sitting here,Sadness,Sadness,0.9768714824789022,True
i feel very indecisive about it,Fear,Fear,0.9987117790539606,True
i feel if the pressure vessel has been seriously damaged then far more radiation would have leaked he said,Sadness,Sadness,0.34965630228857647,True
i have better things to do than to feel humiliated,Sadness,Sadness,0.9986823081287926,True
i feel check the wonder in all that you see you ve got to get loving unconditionally,Love,Love,0.4290085094512454,True
ive been feeling a bit melancholy,Sadness,Sadness,0.9992059740988786,True
i believe that feeling accepted in a non judgemental way can be healing,Joy,Love,0.3377203506030606,False
i do feel stressed,Sadness,Sadness,0.400645712554584,True
i feel benevolent enough to buy them some peanuts and other treats,Joy,Joy,0.9221695988368969,True
i feel fine class pin it button count layout horizontal pin it,Joy,Joy,0.9125578556751504,True
i feel so worthless and useless these past weeks just because im a certified by stander at home,Sadness,Sadness,0.9982619914698988,True
i feel immensely distracted by the barrage of media i receive solicit,Anger,Anger,0.6784891972374933,True
ive been feeling from my adoring fans that would be teh whole like of you who are my friends here i felt brave and excited and ventrured forth with guitar in hand to a local open mic night,Love,Joy,0.7737146803006091,False
i love and captured an atmospheric feeling in their landscapes that really impressed me,Surprise,Surprise,0.9065829275248922,True
is hand started fondling his aching cock through the fabric of his boxers and he instinctively arched his back to feel more of the delicious sensation,Joy,Joy,0.7603659514610506,True
i am feeling energized productive and creative,Joy,Joy,0.9975005989853964,True
i am feeling lucky to have him,Joy,Joy,0.9847194041656265,True
i feel is vital to keeping my spirit young even as my body fades,Joy,Joy,0.9389427669099338,True
i feel agitated and annoyed more than worried or fearful but these feelings can easily lead to being short tempered with my family and feelings of disharmony,Fear,Anger,0.6881463851198931,False
i still feel scared every time i go into a strange place,Fear,Fear,0.9831039177398814,True
i don t feel the author s talented,Joy,Joy,0.9626931906098156,True
i feel so jaded and bored,Sadness,Sadness,0.9959755499239534,True
im pretty sure and its been about a week and a half so although im feeling kind of betrayed and disillusioned by men at the moment everythings okay,Sadness,Sadness,0.9664808519410184,True
i feel like ive lost my mind,Sadness,Sadness,0.6139876758956124,True
i could feel his breath on me and smell the sweet scent of him,Joy,Love,0.6755166491121258,False
i could just take my beliefs and feelings and lock them in a safe somewhere until i get my human life squared away i and just about everyone i know would be a lot happier or perhaps not,Joy,Joy,0.42980127148580977,True
i am feeling sinfully horny this sunday morning,Love,Love,0.948406717870608,True
i just feel like someone out there has to listen and be sympathetic and then,Love,Love,0.9575969931424452,True
ive feeling a little blank and could think of nothing to write about which might be interesting to explore or had my mind captivated,Sadness,Sadness,0.4142039164552926,True
i feel as the sleep drained from my head i sat up my dog nudging me for affection my wife too has been wanting affection,Sadness,Sadness,0.7563737863976815,True
i feel to aid other women with infertility disorders this valuable individual guidance is offered for a restricted number of people,Joy,Joy,0.5632974896321544,True
i remember feeling envious but then why would a young healthy person envy someone who s just barely survived,Anger,Anger,0.8565662084242426,True
im still feeling very emotional,Sadness,Sadness,0.9533578107652771,True
im in that last bit of sleep before i get up in the morning i feel like that emotional energy just waits for me,Sadness,Sadness,0.7435241056682531,True
i know nothing is going to change even i feel very envious to these people but i cant stop feeling jealous to these people because its a human beings instinct to act so,Anger,Anger,0.99243080582261,True
im happy i feel out of energy and not very inspired to do my crafts,Joy,Joy,0.9663914144234409,True
i was struck by the masculine feel of the strong graphics and deep colors in this months painting nighthawks by edward hopper,Joy,Joy,0.7420969031317612,True
i feel like youre just not there some body that im trying to be affectionate with it feels like im molesting some stranger i dont even know,Love,Love,0.6462064596239003,True
i think it s the opposite i get to feel defeated because i was doing everything possible to keep baby healthy and my sugars in check,Sadness,Sadness,0.8753520354586616,True
i am trying not to feel bitter but how else can i feel when it seems my desire is pretty much impossible,Anger,Anger,0.7501224835532438,True
i feel if i am nagged i stop caring,Love,Love,0.9426163740879224,True
i just feel totally useless today,Sadness,Sadness,0.9713927980299935,True
i feel honored to receive the grassroots preservation award,Joy,Joy,0.995738364818465,True
i feel contented just hearing him said that hellip,Joy,Joy,0.9841548839597366,True
i am reminded of pavement yurusei yatsura and coheed and cambria without feeling offended that they have ripped them off,Anger,Anger,0.949172266591789,True
i feel no positive regard,Joy,Joy,0.9292568010071847,True
im feeling a lot less ugly duckling and a lot more a href http,Sadness,Sadness,0.8289706638273523,True
i suppose if one was feeling generous one could say i was stressed by the elevator ride,Joy,Love,0.2518983308948845,False
im feeling kind of melancholy and really want to go home and cuddle up with my boys,Sadness,Sadness,0.9852101950319072,True
i feel like the people that i myself love want and need don t talk to me and don t connect with me anymore because they have fucked up mental health and emotional problems that i can t help contribute contain understand or encompass,Anger,Anger,0.42853086877976615,True
i feel that the suffering is more than i can bear i take refuge in the lord in the blessed sacrament and i speak to him with profound silence,Sadness,Sadness,0.6167641459999856,True
i feel afraid agn lol whats new,Fear,Fear,0.965956733595879,True
i am writing and sharing here is much more about my own story and what i believe with all my heart the world needs to know the riches we have in god than me feeling angry towards or trying to bash the people and leaders and parents,Anger,Anger,0.4017082530571767,True
im feeling dazed and alot of things in my mind,Surprise,Surprise,0.9931901943364773,True
i feel so scared when the voices from there start to speak to me,Fear,Fear,0.9773276503108054,True
i feel very honoured to have been part of the bond family and very much hope i have a chance to work with them again sometime in the future,Joy,Joy,0.9911532638660884,True
i feel insulted pete edochie responds to death,Anger,Anger,0.994152831021362,True
i feel but not to such a hostile extent,Anger,Anger,0.9807399991238077,True
i always feel so pressured,Fear,Fear,0.9879844686464392,True
i electrocuted my thumb and i cant type too well because i cant really you know feel some of my fingers as an acceptable excuse for a late paper,Joy,Joy,0.48066051692554695,True
i carried my phone in my pocket and didn t feel the pull to get lost in it,Sadness,Joy,0.3759980926918832,False
i sit here writing this i feel unhappy inside,Sadness,Sadness,0.9785629328603029,True
i could feel my mother s sympathetic dread as i was diagnosed,Love,Love,0.9444663092172108,True
i get disappointed it makes me feel so rejected especially being disappointed by a loved one,Sadness,Sadness,0.9911117298899087,True
i left there feeling brow beaten,Sadness,Sadness,0.8537710625654676,True
i am feeling vulnerable nervous worried anxious and a bit lost,Fear,Fear,0.999692287886365,True
i was feeling defeated i usually pick things up easily this way but i just wasn t getting it,Sadness,Sadness,0.9647855104128029,True
i am most certainly an acquired taste but lately many of those around me have seemed to feel the taste to be bitter,Anger,Anger,0.4442660023978322,True
i feel i am rich because my life both real and online is filled with friends and family with whom i would not want to live without,Joy,Joy,0.8184896140517602,True
i feel bad saying this because i should be happy but i dont think this way that im going is for me anymore,Sadness,Sadness,0.7864308035670705,True
ive been feeling afraid a lot lately,Fear,Fear,0.8246738865802956,True
i see momo feel shy momo hmmm gt me heyy momo,Fear,Fear,0.9729988486341219,True
i feel amused looking at the little turtle who sneaked in with them,Joy,Joy,0.9903177936248058,True
i purple month doesnt feel surprised in fact zhuo feng up many pupils all clear xiao her identity dont even say main star feng of young,Surprise,Surprise,0.7744011397322869,True
i feel like there is no way out being humiliated by asa a guy i was obssessed about who played an embarrassing joke on me getting caught by tabbys wife tabby is a lover i once had who was married and i blindly fell in love with him,Sadness,Sadness,0.8423071839860895,True
i feel like breathing is as delicate as dried rose petals sometimes,Love,Love,0.8487045749621355,True
im thankful because i feel somewhat energetic instead of the dead fish that i would become every time every chemo,Joy,Joy,0.9442275909473369,True
i feel so honored today and i want to share the emotion and my gratitude because i received a very complimentary email from someone who reads thought provoking perspectives,Joy,Joy,0.9760940946076172,True
ive tried bare minerals but it makes me feel like my face is dirty,Sadness,Sadness,0.6510026928379222,True
i feel quite passionate about and that is how old should children be to undergo beauty treatments,Joy,Love,0.36408330248226056,False
i feel like i m going to struggle and fail and suffer and be really dumb,Sadness,Sadness,0.9131081810584618,True
im feel a little bit shy to talked to her for a second but manage myself because i saw from her eyes that theres something with this girl,Fear,Fear,0.5623115218593159,True
i love that this is a place a series with no real heroes and i love that the way the couples in these books fall in love feels just as violent and crazy as the place that they call home,Anger,Anger,0.7858558130625642,True
i will feel more lively and full of bounce,Joy,Joy,0.9845894780624275,True
i am and always have been a very sincere nice feeling sociable compassionate helpful girl,Joy,Joy,0.9662011867900558,True
i feel like an obnoxious nagging call times everyday tag alonger that he is finally sick of tolerating and is now just giving the cold shoulder,Anger,Anger,0.9057071235849381,True
i loved the feeling i got during an amazing slalom run whether it was in training or in a race,Joy,Surprise,0.41302835514222414,False
i was feeling especially shy and awkward because i didn t know many people there,Fear,Sadness,0.6084037674337263,False
im still feeling a little groggy from the lack of sleep so i shall try to replenish it,Sadness,Sadness,0.9724812290502469,True
i have been sitting at home revising today and all in all feeling quite stressed,Anger,Sadness,0.3758329605805811,False
i guess feelings aren t meant to be inhibited or prohibited,Fear,Sadness,0.4477916536807334,False
i embraced feeling thankful that the middle wall of partition had thus far been broken down,Joy,Joy,0.8403205636762764,True
i began to feel very strange,Fear,Fear,0.5273797807675842,True
i didn t feel pressured or constrained in my choices to behave in a particular way i just felt very busy,Fear,Fear,0.9121173648721549,True
i had one of my low carb meal bars for breakfast and was feeling smug when i spotted the left over pies muffins and attractive foods,Joy,Joy,0.916172752120202,True
im going through life feeling now rather than being totally numb,Sadness,Sadness,0.6390592681124565,True
i dont want flowers or candy but the kind of guy that knows i like thinly sliced limes in my mineral water because it makes me feel glamorous and is humored by how pretentious that is,Joy,Joy,0.9336558919980216,True
i feel unprotected a class post count link href http reprogramming in process,Sadness,Sadness,0.3469019996928223,True
i always feel really confident of my life and my choices when i go home,Joy,Joy,0.9123098578159817,True
i was feeling more and more frustrated with each session he attended,Anger,Anger,0.8267376642718688,True
i feel like in the last year especially i ve gone from a girl to a woman and despite how hesitant i have always been about getting older next year i will be twenty four i am surprised at how pleased i am to have done so,Fear,Fear,0.3119084350671104,True
i feel attacked or insulted it is helpful to realize that the idea of attack is alive and well in my own mind,Anger,Anger,0.6615069241884547,True
ive missed that feeling and ive missed being there and ive missed having something to work towards that keeps my focus on me and keeps it off of my phone and the potential trouble it can get me in,Sadness,Sadness,0.8880068813797117,True
im feeling a bit uncomfortable with myself too,Fear,Fear,0.9321752915387069,True
i know that i have it nowhere near as worse as my brethren overseas but right now i feel like im being physically emotionally and spiritually assaulted,Fear,Sadness,0.6275066362348097,False
i am feeling so reluctant and overwhelmed i try to think of the alternative abandoning that dream,Fear,Fear,0.9749364466172031,True
i usually like sam but sometimes he gets downright whiny and i ll admit that all the mistakes he made due to sibling rivalry and pride that eventually led to the end of season kind of made me feel less tragic about the whole thing,Sadness,Sadness,0.6686911486935899,True
i hope shes feeling generous today and treat me to japanese food or something haha have a great day,Joy,Joy,0.8080300075572373,True
i am feeling a bit offended,Anger,Anger,0.9878193245627258,True
i offend easily when i feel my intelligence is insulted,Anger,Anger,0.9593868906769131,True
i always feel a bit awkward when i comment on someone s blog because i invariably go on rabbit trails and feel as though i ve been overstepping myself so i d like to tell you if you find yourself feeling the same way that i do not mind in the slightest,Sadness,Sadness,0.5242366950202154,True
i feel like we may be coming to the point in the tv series where the show is incredibly popular but sadly the writers are coming to the end of their story lines and soon there will be nothing left to keep the plot a float,Joy,Joy,0.7885377247090155,True
i was entertaining myself with this memory while at the same time feeling like that guy in that movie dazed and confused who says i just keep on getin older and the girls stay the same age,Surprise,Surprise,0.8508876883826666,True
i had to continue to enforce my no playdate policy which meant i continued to feel angry twice over each day once during a horrible morning drop off and once in the afternoon when i reminded noah that no he couldnt play because of the bad drop off missing mommy,Anger,Sadness,0.39401676195233165,False
i woke up feeling groggy and grumpy and like the last thing i wanted to do was make dinner,Sadness,Sadness,0.8690520036185901,True
i wake up feeling like something terrifyingly bad is bound to happen to me before i even get a chance to stick a limb outside of my covers,Sadness,Sadness,0.4638826035104231,True
i feel god in my life more now than i ever have before and things are so wonderful right now,Joy,Joy,0.7710249917981133,True
i do feel like ive been a neglectful friend but its due to the fact that i feel like a hinderance so i just stay away,Sadness,Sadness,0.9252814723454731,True
i did not know this i could not look out upon the sea and sky without feeling mildly discontent,Sadness,Sadness,0.5817162446660564,True
i hate feeling like this this is bullshit ok i m so done bye,Joy,Sadness,0.3206951581821184,False
i tasted some hari raya cookies and feeling greedy i would go and prebook their kueh makmur and tart because i know their hygiene standard and ingredients,Anger,Anger,0.9060411552385871,True
i sit here feeling drained i really wonder what will i do when i reach that point,Sadness,Sadness,0.933460047249243,True
i buy something i go out and look at what else i didnt buy and then after a bit of comparison here and there i suddenly feel dissatisfied with my purchase,Anger,Anger,0.9271011542151028,True
ive been feeling incredibly inadequate more so than usual and its gotten to a point where i almost feel paralyzed by it,Sadness,Sadness,0.966191254441611,True
im amazed how many men say they feel unloved if the house is messy and they have to fix their own dinner,Sadness,Sadness,0.9190083813250203,True
i feel a restless weekend heading our way,Fear,Fear,0.822195977905979,True
i feel ugly i cover myself with a beautiful blanket in a make believe gown,Sadness,Sadness,0.945182623320143,True
i always said i felt so blessed to have him and today that feeling is been reassured many times,Joy,Joy,0.8920945142042548,True
i cant do strappy shoes at work i just feel weird so i took these off thrifted ninewest,Fear,Surprise,0.35470388508902273,False
i love the fact that i look as best i can and i feel terrific because i eat right and constantly exercise,Joy,Joy,0.9023447579141437,True
i decent article which i knew likely had good information because my initial response was to feel offended and want to argue despite the fact that it was talking about not doing exactly that,Anger,Anger,0.8722880641886822,True
i have moments where i just feel so overwhelmed that my eyes well up with tears,Fear,Surprise,0.4166641875225038,False
i started feeling thankful for food for being able to enjoy such delicious things and got into cooking and baking healthy meals for my family,Joy,Joy,0.990794010017643,True
i don t want to tag people who think this is silly but if there are people out there who want to be tagged i wouldn t want to make them feel unwelcome,Sadness,Sadness,0.9768670772743333,True
im taking is allowing me to get sleep which is wonderful but its leaving me feeling very groggy and nauseated,Sadness,Sadness,0.9004032058840946,True
i feel an unpleasant drop in my stomach as the elevator doors open at my floor,Sadness,Sadness,0.9129547171898384,True
i feel that this is a highly talented bunch when roling on all cyclinders,Joy,Joy,0.722189609851242,True
i feel his hand on me to stay faithful,Love,Love,0.405065840218293,True
i was so focused on my heavy breathing my even strides the drops of sweat on my forehead that i forgot to feel socially awkward,Sadness,Sadness,0.6984109959009598,True
i cant help feeling this way,Sadness,Sadness,0.24166733353606268,True
i feel like i would order carryout from if i lived in the area i am still curious to try some of their other tacos,Surprise,Surprise,0.6395290428980284,True
i feel that i am afraid of whatever ad anything that will happen and idc is it good or bad i am just afraid and i hope god you will help me in whatever i do,Fear,Fear,0.7804562671867195,True
i entered the living room i had a horrible feeling aching in the depths of my stomach,Sadness,Sadness,0.939117080752105,True
i feel very glad that finland s well known visual artist vesa kivinen had called me to work with him,Joy,Joy,0.9800729223170976,True
i feel relatively safe normal or whatever you might call it,Joy,Joy,0.5990761593181968,True
i feel bitchy saying it but i think that next saturday i just want to be alone,Anger,Anger,0.96955227005326,True
i feel very honored to have been shortlisted within the patient ambassador volunteer category which recognises members of the public and staff who provide outstanding help and support through volunteering or providing patient opinions either on a public partnership forum or on a patients panel,Joy,Joy,0.9408747527714927,True
i feel quite helpless in all of this so prayer is the most effective tool i have because i have no answers and there is nothing else i can offer them right now,Sadness,Joy,0.6492119186093874,False
i know that you feel pretty disgusted by the nonstop lefty propaganda the ministry churns out but of the public isn t that tuned in,Anger,Anger,0.6085946285813335,True
i feel complacent and satisfied,Joy,Joy,0.9999070581582286,True
i ventured into fabrics amp fabrics on a whim yesterday feeling a bit nervous knowing i would be tempted beyond my comfor,Fear,Fear,0.5847981310438266,True
i havent been feeling homesick knowing they were all getting together to enjoy my mums cooking did make me want a teleporter,Sadness,Sadness,0.8293666497793453,True
i feel ugly and hated,Sadness,Sadness,0.9990923658148968,True
i was feeling whether it be mad sad disappointed or peaceful,Anger,Sadness,0.5944881236379713,False
i feel as if we have a talented enough team to win some games and go deep into the tournament,Joy,Joy,0.9836557097984442,True
i feel i was so innocent to have only one dream to fill my brain and to be crazy about it,Joy,Joy,0.9606765657401731,True
i never feel depressed because my cancer and i have learnt to live and sleep with each other,Sadness,Sadness,0.779535147032779,True
i can feel the pressure falling more so on my shoulders and im feeling slightly doubtful of myself which leads to unhappy thoughts not usually like my optimistic self i must say,Fear,Fear,0.500637673010728,True
i kind of feel a little petty about this,Anger,Anger,0.8068609776301606,True
i hostage negotiator on her case has her feeling hopeful about her future,Joy,Joy,0.9904938900292718,True
i believe that people should choose the causes they feel passionate about and do what they can and i have no right or desire to push my own charities as more worthy than another,Joy,Love,0.38967877575485893,False
i feel privileged to be allowed into the sanctum of her studio the many different paintings and studies lining the walls morph and grow week on week,Joy,Joy,0.9680195539038748,True
i grew up feeling rejected by my male peers,Sadness,Sadness,0.9798755074784427,True
i feel like that is where i can make my most valued input and tried to do as much as possible to ensure i did an equal part in the construction,Joy,Joy,0.8397079829116224,True
i described how i was feeling the feeling of being out of control and completely restless the fear of what could still happen my obsession with trying to do it all and the fact that it was just not working,Fear,Fear,0.35594071593518406,True
i feel very important in my fancy room with my fancy furniture and nice view of downtown dallas,Joy,Joy,0.897917175982371,True
i wanna feel good again,Joy,Joy,0.9492672174788538,True
i never feel like im not supporting,Joy,Love,0.4408981355723343,False
i want you to snap out of it and simply feel simply live laugh enjoy this life no matter how idiotic it is,Sadness,Sadness,0.5528548253903351,True
i assumed it would feel casual,Joy,Joy,0.9862355556149046,True
i will admit and it left me feeling shaken and a bit of a goose,Fear,Fear,0.9882374369583258,True
i feel it is dangerous especially for the new believer who is not grounded in the word of god,Anger,Anger,0.8990238666418201,True
when we rearranged furniture in our flat and got stuck in a chair,Anger,Anger,0.20766748502186252,True
i am feeling stressed and more than a bit anxious,Anger,Fear,0.803993437443801,False
i persevered through the storm of rejections feeling confident that i was doing what god had called me to do,Joy,Joy,0.9184418346820011,True
i was feeling comfortable in the first fight i saw things that were working for me but i m expecting a better rendall munroe because i think he might have underestimated me first time around,Joy,Joy,0.5672050894487887,True
im not quite sure how she really feels about it because im pretty sure that she realizes that she is going to miss getting to watch the parade which is something she really enjoys,Joy,Joy,0.44497271585150444,True
i feel somewhat fake in the group,Sadness,Sadness,0.8260859509512508,True
i was feeling particularly pissed off and wanted to go to a party,Anger,Anger,0.903230567758812,True
i feel like im still quite bad at describing my feelings with good words and beautiful phrases,Sadness,Joy,0.4800738015016387,False
i feel so heartbroken over paul walker s tragic disappearance the life of someone so generous beautiful and talented should not end this way as other horrible individuals keep on living torturing assaulting and killing people,Sadness,Sadness,0.9579042204432728,True
i feel perfectly mellow,Joy,Joy,0.9893265075896134,True
i feel i have to give credit to jen mitchell for her gorgeous card a href http www,Joy,Joy,0.8660013858765193,True
i am alternating between feeling thrilled to see my dads family this weekend and terrified that i will be a black sheep among their normalcy,Joy,Fear,0.42351819929000784,False
i feel for my sweet boy,Love,Love,0.5806913102017947,True
i feel about as helpless and superfluous as i did when jenn had elaine naturally,Fear,Sadness,0.35565796493255303,False
i thought i didnt feel anything anymore it was over it was ok well today a different story i feel him i want him my heart hurts thinking he wont be around i still want him around i guess its still valid,Joy,Anger,0.27987636709056407,False
im feeling better so hopefully things start falling back into the old routine,Joy,Joy,0.47794591563295447,True
i hope you feel incredibly cool now,Joy,Joy,0.7807500544877618,True
i watched the news at the tv,Anger,Sadness,0.22050410444120816,False
i didn t really go looking for it but i can definately see where the enjorlas marius ship comes from though sadly i feel it s mostly one sided and that marius is nothing more than a rich schoolboy following his whims without thoughts to the concequences,Joy,Joy,0.501545204460897,True
i feel i should as a gracious gesture apologizing for my latest post about the osp and the rand license terms,Love,Joy,0.7291087400461161,False
i get people asking me what it feels like to be the most hated man in dallas county said assessor steve helm,Sadness,Anger,0.3675103053618664,False
i have reported feeling marginalized intimidated and or subjected to threats of retaliation,Fear,Fear,0.9412535562918467,True
im not sure if im more at peace with our situation or if im just not feeling as bitter about it but in the past five months something has changed within me,Anger,Anger,0.6388984958583862,True
i am feeling profoundly peaceful,Joy,Joy,0.946943027550039,True
i feel bad then for not accepting who i am,Sadness,Sadness,0.8953554388459749,True
i have tried sorting out the area for the cat houses this lunchtime but i guess after the printer ordeal i am feeling quite uptight so it has been put on hold,Fear,Fear,0.5521871445392781,True
i made that make me feel dumb and dumber,Sadness,Sadness,0.997070684132292,True
i have power feeling to justify their laziness and being bitchy against skinny girls,Anger,Anger,0.813868080758739,True
i feel like my sweet company is finally coming together,Love,Love,0.45409305892957397,True
im making some more mood icons right now to let you see how i feel and think and of course its all charming,Joy,Joy,0.8143683862417428,True
i feel like i am not accepted here i and bucking this force that is coming from all quarters that tells me that something is wrong with me if i am not married with children,Joy,Joy,0.3705546353554419,True
i apologise if the pictures are not very good quality but if youre stuck for ideas feel free to check out the websites in the captions,Joy,Joy,0.7666765215792573,True
i feel fine now even though ive just burned the dinner oops,Joy,Joy,0.8738867027692504,True
i feel for this divine landmass and all the respect i bear in my heart for the greatness residing on it,Joy,Joy,0.949694796105282,True
i feel like but im not very fond of that word,Love,Love,0.9850549476859147,True
i feel vulnerable not knowing what is to come and i feel like the rest of my life depends on today,Fear,Fear,0.9688940155161517,True
i feel so damn agitated,Anger,Anger,0.5321190078485954,True
i feel confident around him and i am always there if he needs help,Joy,Joy,0.9664242295805112,True
i feel annoyingly isolated in the hostel with all those people talking outside the room etc,Sadness,Sadness,0.6739990163758166,True
i feel like alcoholism is something that is widely accepted as the norm in gay culture,Joy,Joy,0.3504832167234428,True
im just now realizing i didnt have a diet coke today and that makes me feel proud regardless of the other junk i consumed today,Joy,Joy,0.3835926715876676,True
i also feel i have accepted my dark side and am finally realizing what of my dark side is healthy,Joy,Joy,0.32838593077954953,True
i have spoken about before but the feeling is getting stronger and i am curious if others have similar thoughts,Surprise,Surprise,0.50944802171252,True
i feel a bit dull by it all,Sadness,Sadness,0.9749895372975033,True
i hope it is because he understands the way i feel i hope he sees what he could miss and is putting the petty negative thoughts aside,Anger,Anger,0.33684363668053313,True
i feel so blessed to be able to share it with you all,Joy,Joy,0.6646735497378893,True
i feel a little virtuous doing these things but on the other hand nini s tasted better,Joy,Joy,0.9661587776352336,True
i say i want to be more of people person but i feel very mellow right now,Joy,Joy,0.9648344131903486,True
i pull out one of my favorite books to make myself feel miserable,Sadness,Sadness,0.9441263430037279,True
i feel convinced that im going to shy away from whatever is really good for me,Joy,Joy,0.915142357774281,True
i feel kind of awkward about doing this here goes,Sadness,Sadness,0.9683033786614506,True
i feel like i should not be surprised at this development,Surprise,Surprise,0.9439264540577615,True
i am of snuffling and feeling dull,Sadness,Sadness,0.9906319600355568,True
i need to feel creative and productive,Joy,Joy,0.9986006735984672,True
i am who god has chosen to help my daughter become the woman god intended her to be even if i don t feel perfect,Joy,Joy,0.7401614034932268,True
i am not feeling too bad except that my ribs are aching and i have a pulled muscle in my shoulder blade region from all my excruciating hours of hacking my lungs out last night,Sadness,Sadness,0.5891603968378465,True
i am at the point of feeling resentful toward him and i don t want to be,Anger,Anger,0.9943017290079011,True
i write this i feel oddly calm like wanting to just relax in a big chair or lay out in the sun,Joy,Joy,0.6691207689961332,True
i feel really inspired,Joy,Joy,0.9470752539891443,True
i do know that i tell some people if i feel that their question is sincere some of my sacred treasures,Joy,Joy,0.7833601883778579,True
i can sit here and cry and feel wronged but it wont change the outcome,Anger,Anger,0.9617313915144996,True
i was worried that maybe she was sleeping so well because she wasn t getting enough milk and was feeling lethargic,Sadness,Sadness,0.9556452869209098,True
i am going to actively learn more about these genres and or practice them so i can feel what i should feel as a dancer gt fearless courageous confident phew,Joy,Joy,0.9759008179142262,True
i started feeling a little stressed about leaving on time and making sure we got the getting ready pictures i wanted but everything seemed to workout perfectly,Anger,Joy,0.2888901995184408,False
i feel like an ugly monster where i cannot show who i really am lest i seem weird or just plainly an outcast,Sadness,Sadness,0.7143201806746226,True
i feel a little guilty that we have this exceptional little girl from ethiopia home and in our arms but this blog continues to surround goosey,Sadness,Sadness,0.3714707428201382,True
i feel the need to layer on fake tan for a night out to give me a bit of colour my clothes do it for me,Sadness,Sadness,0.36380417778463775,True
i feel a real emotional connection to the ice queen from the north now that you have revealed that inhumanity runs in her bloody family,Sadness,Sadness,0.33788185017076006,True
i have been designing earrings for some of my customers bridesmaids which i feel honoured to do,Joy,Joy,0.9960284177484788,True
i could adopt and what messages i could think about to help make me feel more peaceful more grateful and just happier right now,Joy,Joy,0.9753796474147389,True
i feel quite worthless but i hear that that is pretty normal for north americans at this point,Sadness,Sadness,0.7410647714238002,True
i don t feel well enough to cook,Joy,Joy,0.9572812202086832,True
i feel so bad about it and hes stood there bewildered,Sadness,Sadness,0.6079914286403637,True
i could feel hundreds of loving people all around the world connecting with earth it was simply beautiful,Love,Love,0.5721015220987955,True
i feel not having a generous spirit or a forgiving nature closes me off from accepting gifts from the universe,Love,Joy,0.4027562150833091,False
i feel accepted and loved by a community of derby girls that i helped to create,Joy,Love,0.47777995433339354,False
i feel utterly disgusted with myself right now and am contemplating death every waking moment ever since she uttered those few words,Anger,Anger,0.5199653991575189,True
i often feel confused as to whether i have bipolar or just a really hard core sinful nature,Fear,Fear,0.6991858020420327,True
i am feeling very thankful,Joy,Joy,0.9931803509031474,True
i feel privileged to have played against him,Joy,Joy,0.9985643039972002,True
i read it at a time amp place where i was feeling less than perfect,Joy,Joy,0.6457288044552566,True
im happy but i feel all this pressure to do one thing or another amp it makes me unhappy,Sadness,Sadness,0.4454415997143326,True
i feel it is worthwhile to give you all a more in depth city sized if you will look at one of our cycle days,Joy,Joy,0.9669322347212312,True
i was still feeling so exhausted from my workouts on monday and tuesday that all i did was go for a walk at the park for about,Sadness,Sadness,0.9783515599866323,True
i grabbed my dog and hugged her fiercly for the next hour or so until i began to feel a bit like myself again but i havent completly shaken the feeling and have been feeling rather depressed anxious all day,Fear,Fear,0.6816432008047565,True
i found myself feeling inhibited and shushing her quite a lot,Sadness,Fear,0.5615928439653562,False
i admit that i am jet lagged so during the daylight i feel groggy almost hung over while at night when everyone is tucked in and snoozing a light pops in my brain and i transform into the ever ready bunny,Sadness,Sadness,0.9199585379281436,True
i often throw myself into work when i m not with them that same maxim from last week if i feel discouraged the way i move forwards is to offer encouragement to others,Sadness,Sadness,0.9756681987203637,True
i feel a lot better about the way i wrote this bit of the code,Joy,Joy,0.22935224335246363,True
i was supposed to feel sympathy for emma im afraid i failed,Fear,Love,0.5438941696775849,False
i feel inside this life is like a game sometimes then you came around me the walls just dissapeared nothing to surround me keep me from my fears im unprotected see how ive opened up youve made me trust coz ive never felt like this before im naked around you does it show,Sadness,Sadness,0.74004210181603,True
i have no energy to get angry or upset anymore i just feel a little resigned,Sadness,Anger,0.4974611357699838,False
i cant tell you how many times in the four months we have been seeing each other seriously that we have had to have serious emotional talks because one or both of us was feeling tender,Love,Love,0.4677627010270847,True
i am feeling so emotional about your brothers arrival,Sadness,Sadness,0.9463238363117583,True
im even feeling liked by the girls who hate pretty much everyone,Love,Love,0.5588566993759064,True
i go through my day feeling your movements and am amazed that something so miraculous is happening in my body its like a special secret only you and i have,Surprise,Joy,0.4446353825802373,False
i feel is valuable and i want to share,Joy,Joy,0.9962851325631377,True
i feel so unloved without you next to me but when im with you,Sadness,Sadness,0.9822835441298136,True
i feel myself falling into the pit of buying it from her i think he s for real i m just skeptical of the women,Fear,Fear,0.8984928739604452,True
i was learning to just deal with the nausea amp manage the unpleasantness of it at work trying to keep anyone from knowing but my sister told me there was no need to suffer amp feel miserable amp to call my dr for some zofran,Sadness,Sadness,0.9096397548886954,True
im feeling greedy for right now,Anger,Anger,0.9975972800824037,True
i justified in feeling slighted or am i just being ungrateful,Sadness,Sadness,0.6008895379060096,True
i feel like it s waiting in the wings just patiently waiting for me to be distracted enough so it can take me down and take everything i love in this world away and destroy me,Anger,Anger,0.6188313745256522,True
i feel like i fucked up big time but i have to protect a and myself,Anger,Anger,0.9639630835899466,True
i feel like my mind is blank and empty,Sadness,Sadness,0.9763788864804845,True
i don t feel comfortable playing games with them presenting the bad guy as really a misunderstood good guy or vice versa,Joy,Joy,0.5042418504586625,True
i listen to the advice of my eating disorder will i actually feel better,Joy,Joy,0.403008309468584,True
i bought the gb iphone i got a apple store credit i feel like they were sympathetic to early buyers and responded appropriately,Love,Love,0.7695911465429721,True
im feeling a lot more optimistic about my future,Joy,Joy,0.9909153268845963,True
i feel pissed off and angry,Anger,Anger,0.9997264584482387,True
i couldnt help feeling for him and this awful predicament he lives with on a daily and nightly basis and i was just so glad that once bel started to see the light he stuck it out and stood by daniel whilst no one else did including his family who im afraid i got really disgusted with,Sadness,Anger,0.262047793960461,False
im feeling so completely mellow and perfect tonight,Joy,Joy,0.9525117228523746,True
i feel curious because i would like to explore what is at the top of the helterskelter like plant,Surprise,Surprise,0.9213072680271813,True
ive learned that there are angels on earth who feel me as i feel them who stand by with a loving thought a healing heart or a steady hand just as i would also offer without a moments hesitation in return always,Love,Love,0.3577591807615572,True
i feel that the packaging is really lovely and the product itself just does everything you ask,Love,Joy,0.41660147146356036,False
i feel ive ignored it too long this year,Sadness,Sadness,0.8665868826978389,True
i know different because i feel in your hugs and kisses that im perfect just the way i am,Joy,Joy,0.5197992692755435,True
i am feeling a little more relaxed i am certainly not feeling refreshed thanks to drunk dudes who decided letting off fireworks every half an hour all night would be super fun and the fact that it s impossible to sleep in the freezing cold with a complaining toddler but i have certainly rebooted,Joy,Joy,0.9012307087180684,True
i definitely feel there s some useful information here for anyone facing similar questions to those i had during this time of my life,Joy,Joy,0.9414783567631557,True
i too feel a sense of melancholy for them,Sadness,Sadness,0.9970834700880299,True
im sad if some people are unhappy about the flag for religious reasons but i know many religious people who do not feel it goes against their faith and they are very supportive,Love,Love,0.3631779131475278,True
i don t feel brave though,Joy,Joy,0.9947809016650672,True
i walked near the hotel and i felt very obvious and uneasy all the warnings about petty crime i read in the guidebook and maybe some residual from years ago left me feeling threatened,Fear,Fear,0.7608862583632023,True
i feel like i m finally losing that stubborn little bit of extra stuff in my lower belly,Anger,Anger,0.7477701677437864,True
i am feeling overwhelmed by trying to do it all that i think on the women before me,Surprise,Surprise,0.49234332665269886,True
i remember feeling so frightened that i could feel emotions at that high a level,Fear,Fear,0.823897991050364,True
i feel inside coz i m so fucking horny,Love,Love,0.9162844419891509,True
i have tested positive but i have never taken drugs and i feel innocent says martina,Joy,Joy,0.9948540988473823,True
im so proud of you no words can describe the way that makes my heart feel thank you god for my supportive amazing hubbard,Love,Joy,0.5052701589705912,False
i have made about sex i feel that women enjoy sex when their body and emotions are admired and respected,Love,Joy,0.5669469352264194,False
i feel no need to work up acceptable conversation fodder,Joy,Joy,0.7769126310577217,True
i had just hiked up and down a long steep hillside loaded with grass and bushes so i was feeling pretty doubtful id be able to find it,Fear,Fear,0.6757615712504516,True
i really like the color scheme since it makes me feel peaceful clean and simple,Joy,Joy,0.9532299676473713,True
i feels so lame,Sadness,Sadness,0.9892160729670698,True
i personally feel that it is a very creative present and everything packed inside a brown paper bag,Joy,Joy,0.6582821709768037,True
i feel so fearless in these post grieving days,Joy,Joy,0.9548014578850557,True
i feel so blessed to be married to him because he loves his stepchildren,Joy,Love,0.5229086627165448,False
i dropped martin back off i was the dd i pulled in and because i was feeling exceptionally outgoing waved and talked to some of my neighbors downstairs,Joy,Joy,0.5995471131341974,True
i feel more faithful than ever,Joy,Joy,0.4675843872022029,True
i am feeling relieved to feel myself again,Joy,Joy,0.9739241580982889,True
i sometimes feel a bit unwelcome,Sadness,Sadness,0.9785393057195015,True
i feel complacent at the moment,Joy,Joy,0.9988522098254321,True
i feel most passionate about that arouse my emotions seem to be the things i need to learn something about my emotion tells me there is a need to grow in some direction,Love,Love,0.3400324839550647,True
i feel that it only makes you a person that i love who happened to do something that i don t find acceptable,Joy,Joy,0.7062655958140223,True
i have not only not lost any yarn overs but am now done with my first lace project and feeling pretty pleased,Joy,Joy,0.8829294589611872,True
i want you to know that if i become prime minister in less than a year s time i will be proud to do so as a friend of israel a jew and most of all someone who feels so proud to be part of the community gathered here today,Joy,Joy,0.885316402935619,True
i feel somewhat safe to give hosting a try,Joy,Joy,0.5715748536193662,True
i don t follow too many people and i don t have too many followers however i have a feeling that the people that i am talking about may know who they are i m not trying to be rude i m just being real,Anger,Anger,0.44616303226990683,True
i never feel lonely as long as people love and support my work,Sadness,Sadness,0.53120273324275,True
i have so much going on in my life and am constantly running like crazy i can always steal a quiet moment to acknowledge this child and the overwhelming excitement and anticipation that i feel god is truly faithful and brings everything around,Love,Joy,0.47422828664591204,False
i suspect his reasoning may simply be to lull apple into feeling complacent,Joy,Joy,0.9561723001406865,True
i feel so exhausted by a,Sadness,Sadness,0.9996386280613628,True
i prepare i feel thankful that these events touch upon so many different concerns in my poetry from language issues to pacific aesthetics from the avant garde to eco poetry,Joy,Joy,0.8716166896747435,True
i met my present boyfriend on a boat trip to england we had said that we would call each other when we got back to sweden we were not going to the same town in england as soon as i walked in he called from england as he could not wait till he came home,Joy,Joy,0.368872828174826,True
i feel inspired so many thing i want to write down,Joy,Joy,0.9397116258025936,True
im very hurt and i feel unimportant,Sadness,Sadness,0.9995231745782867,True
i feel like uninstalling skype deactivateing all of my facebook amp hatena accounts since im becoming a hateful person amp i dont want to get any worse than i am right now,Anger,Anger,0.4008063818942922,True
i began to feel shaky and nauseous and yearned for my connection to cairns to make up for some of the deprivation,Fear,Fear,0.9786826602866513,True
i was feeling adventurous though so i went with some asian flavors of ginger and sesame oil for my salad,Joy,Joy,0.9847916247134627,True
i was playing a sport in an advanced pe class and many of the people were not advanced,Anger,Joy,0.5267750716650925,False
i cause extreme worry and distress ground to remember fondly you forever mary prepares to feel unfortunate time eventuallythe intense emotion have sexual lovein condescend to come she by hand puts out strength wu mouth dont let oneself cry out,Sadness,Sadness,0.8518609201856133,True
i feel so greedy of holidays and forgetting my responsibilities,Anger,Anger,0.9685047310760468,True
i mean i feel like a broke record sometimes,Sadness,Sadness,0.8447818531782706,True
i am feeling rather heartless because i recently heard the words unconditional love and could not find it in myself,Anger,Anger,0.5928562067866062,True
i feel dissatisfied and more accustomed to healing,Anger,Anger,0.9917853532193693,True
im feeling doubtful about all of the patterns and colors working together but we cant be sure until everything comes together,Fear,Fear,0.8299461366218203,True
i want to get back in the habit of blogging about all the cool fun things im up to but am also trying to get out of this rut of only writing about feeling shitty,Sadness,Sadness,0.6503206694558351,True
i am still healing from having my heart broken still healing from broken dreams still doubting myself still feeling confused,Fear,Fear,0.687855335342559,True
i gents been feeling lousy over the last few weeks which ended up with a trip to the hospital last saturday which put a damper on the wedding anniversary,Sadness,Sadness,0.7735496656980076,True
i read about him and learn about him in his interviews the more i feel like i could never deserve someone so kind and compassionate,Love,Love,0.7443626596911707,True
i feel thats just strange on wotcs behalf,Surprise,Fear,0.2836980109133584,False
i take a walk in the park feeling joyful,Joy,Joy,0.9563775392233318,True
i feel calm silent and protected by the definiteness of this existence,Joy,Joy,0.9384357364134162,True
i want to feel assured that my life will be good and i know it will be when i trust the lord,Joy,Joy,0.9802438958896326,True
i feel safe with berry,Joy,Joy,0.9978394974699828,True
im feeling envious already,Anger,Anger,0.997681164513192,True
i suck up is the boring dull town and the feeling being missed by my family and bf,Sadness,Sadness,0.9917237352994142,True
i feel like i have all these cute things but i dont feel comfortable in them and dont know how to put them together,Joy,Joy,0.9594536671221783,True
i feel like an emotional cutter,Sadness,Sadness,0.936035658045782,True
i wake up in morning and when i go to sleep at evening i feel that seed voice in my heart that is screaming out from my empty stitched heart,Sadness,Sadness,0.7214259348857417,True
i received the blanket i was absolutely amazed on how fluffy it is and extremely soft i really didnt think it was going to feel that amazing,Surprise,Surprise,0.667104160784236,True
i feel that sometimes im not talented enough,Joy,Joy,0.9721835858623555,True
i feel it would be foolish and perhaps a little disrespectful to consider doing the long hilly race,Sadness,Sadness,0.8906485746433556,True
i mention my oldest child before my youngest will her feelings be hurt,Sadness,Sadness,0.6819573476060559,True
i woke up today feeling kind of strange,Fear,Fear,0.48773690706841105,True
im sick of feeling unimportant like nobody needs me,Sadness,Sadness,0.9929852969916056,True
i am feeling quite distressed and dejected over my battle with insomnia,Fear,Fear,0.7973716509904013,True
i feel hated in cempaka,Sadness,Anger,0.631601388266886,False
i do feel numb but only because i have so many fucking feels that i ve shorted out from feeling them,Sadness,Sadness,0.9847386804828192,True
i often use disney to cheer me up when im feeling low and these past couple days have been no exception,Sadness,Sadness,0.813677181865323,True
ive been feeling a little defeated maybe even over looked,Sadness,Sadness,0.8750805202133173,True
i feel shy because of what i am wearing,Fear,Fear,0.983908902567139,True
i can say is that as long as you enjoy the story it entertains you and makes you feel emotional whether it be sad happy angry disgusted or just plain horny then who really gives a damn,Sadness,Anger,0.3837716985214731,False
i wept while jackson slept feeling overwhelmed by the feeling that i don t want to die,Fear,Fear,0.4500306214161174,True
i feel confident to be me again in personal life and right when my work life was going well with my boss slowly understanding why i continually ask for and demand we address the tough issues that cause problems with our various departments,Joy,Joy,0.7266016243581747,True
i dont know whether his presence is the reason why i feel more homesick for the uk than the us or just by being here makes me miss my former home,Sadness,Sadness,0.9292316455707413,True
i mentioned in my last blog that i have started to get the feeling that i have been pressured into studying things i do not like which has also made me into a person i might not fully be,Fear,Fear,0.6474243212026851,True
i only do unwillingly and always leaves me feeling grouchy and unsettled,Anger,Anger,0.9802071124288669,True
i have to give it to men as women we complain a lot about the heals we have to wear but at least we can wear a dress and feel cool in the summer,Joy,Joy,0.9077283845038232,True
i feel like i should be listening to chinesepod and working on my mandarin but what i really want to listen to is the savage love podcast or car talk,Anger,Anger,0.4276057835462278,True
i feel assured that the guns are locked away in the gun safe making it impossible for any of the children to access them,Joy,Joy,0.968884615651207,True
i also feel this conversation could dovetail quite easily into another about images and objects that are ugly to serve the purpose of being ironic,Sadness,Sadness,0.35917899047744367,True
i dont want to make this blog something that i just whine on all the time but i feel like ive been beaten with a two by four or something,Sadness,Sadness,0.8673209582023558,True
i feel bad for them for wasting their time and effort for nothing,Sadness,Sadness,0.934731289274348,True
i feel overwhelmed how about you,Surprise,Surprise,0.4943660072922301,True
i kept trying to make her feel better,Joy,Joy,0.6439246318692647,True
i get making employees feel valued i really do but in this economy where another k jobs were dumped last week alone i suspect the majority of people are thinking like rudy and i thank god we still have a job,Joy,Joy,0.8773757352268577,True
i feel lucky that theyve chosen to share their lives with me,Joy,Joy,0.9537311440256954,True
i feel embarrassed enough,Sadness,Sadness,0.9993420617756514,True
im not feeling sorry for myself though because i just think of those poor people whom have lost their lives or everything they have due to sandy,Sadness,Sadness,0.937437874600208,True
told by some people the class leader only choose his friends not true,Anger,Joy,0.23297668571414196,False
i stop feeling guilty,Sadness,Sadness,0.9649068232748185,True
i know some people are more fond of the treat of going and getting a pedicure because you can just sit there and enjoy the wonderful feeling of someone else massaging your tender tootsies all the while flipping the pages of a book or magazine,Love,Love,0.7900827069797485,True
i first read this book during college and it has helped me cope with the feeling of helplessness and fear of the uncertain future,Fear,Fear,0.7831317994716503,True
i get to be creative if i feel like it or just sit and chat to customers the people are all lovely even kermit helps out see,Love,Joy,0.4677376938393239,False
i get the feeling donald is smart enough to educate himself through his own densely focused meanderings and their inherent shortcomings,Joy,Joy,0.9086375837767792,True
i was feeling frantic,Fear,Fear,0.9992954244292859,True
i feel that it is extremely dangerous for her to be wandering out to sea,Anger,Anger,0.8782970171089184,True
i am so grateful to have been filled up by general conference and to feel the joyful power of the spirit after such a wonderful weekend,Joy,Joy,0.9885844071102253,True
i think your viewers tonight will enjoy the show coming from malm they will like some things be less fond of other things but hopefully they will feel entertained and smitten and feel the urge to cast a vote regardless if your country is voting tonight or not,Joy,Joy,0.42651086836087293,True
i ever want to feel that vulnerable,Fear,Fear,0.9977031409924113,True
i bought this doraemon backpack from a charity store i had every intention of putting it in my etsy store but i feel like its too cute to sell,Joy,Joy,0.7533914447993695,True
im looking upon the next year as an adventure which very likely will make me curse mathematics and other subjects to hell but eventually make me feel relieved,Joy,Joy,0.9549260009727767,True
i can put on it without words since i just cant type on that it was so lovely this morning yes im feeling sarcastic today,Anger,Anger,0.8600624999520846,True
i feel kind of unwelcome in many catholic communities but i hope that isnt the case here,Sadness,Sadness,0.91047127722501,True
i lift different now because it hurt so bad the day it happened that i can t get it out of my mind and i feel myself being a bit timid,Fear,Sadness,0.48129245838459667,False
i was feeling rather homesick today so i decided to make a list of typical city sight that might come in use should you decide to visit switzerlands largest city,Sadness,Sadness,0.674927175624007,True
im sure ill feel more playful soon but i just cant right now,Joy,Joy,0.9620072010026408,True
i couldnt feel more blessed at this time,Joy,Love,0.28408911695110906,False
i feel like rich purple and gold are a match made in heaven and this reinforces that belief,Joy,Joy,0.8083233925778077,True
i sit in the same hostel i did nearly two months ago this time wearing a jacket and feeling as if my toes might be a little numb from the cold,Sadness,Sadness,0.25324897243448224,True
i feel lost without you,Sadness,Sadness,0.9441418176666329,True
i feel smart when i figure things out myself,Joy,Joy,0.9799210378259835,True
i now im graduating in two days but i feel so sad right now,Sadness,Sadness,0.4651625132417328,True
i feel very naughty to step outside my species but you are compellingly different,Love,Love,0.9580234108142528,True
i want to feel less stressed,Sadness,Sadness,0.6345237669367648,True
i still feel nervous,Fear,Fear,0.9973895216508055,True
i am put in mind of an odd feeling of vicious cruel natural order here it seems no one is able to escape the town the cycles of predator and victim catching up with anyone trying to elevate themselves out of the mire,Anger,Anger,0.33463344228709047,True
i feel more violent than ever right now,Anger,Anger,0.9913375345742402,True
i feel ecstatic and privileged,Joy,Joy,0.9999839555016403,True
i feel he will be perfect for this event,Joy,Joy,0.9758014985980421,True
i came away from that expereince feeling like i had had an encounter with the divine,Joy,Joy,0.8541319396243136,True
i feel slightly saddened to know that some of the kids have also resigned during my absence,Sadness,Sadness,0.8104944225351055,True
i sit here in the snowy ohio countryside on christmas eve feeling like i m in a postcard i m thrilled to announce that i found it,Joy,Joy,0.8496078494128324,True
im not feeling very hopeful about the coming summer,Joy,Joy,0.9923824139360602,True
i feel a bit like a naughty kid who went and spent their last pence on a bag full of e numbers guilty,Love,Love,0.7237477990146329,True
i tune out the rest of the world and focus on the rhythm of the needles and the softness of the yarn and for that time i feel my most peaceful,Joy,Joy,0.9003795877319853,True
i say i feel alone br style color line height,Sadness,Sadness,0.4489920481344118,True
i was feeling heartbroken and lonely i watched my second younger sibling get married leaving me the lone single adult in our family,Sadness,Sadness,0.9648138932351936,True
i lost a few pounds but i also started to feel really awful,Sadness,Sadness,0.6722435467039386,True
i enjoy about his work is the genuine feel and the pleasant message he is trying to deliver with all this,Joy,Joy,0.928540586745,True
i knew except they ve lost that girly feeling and gained a graceful wisdom,Joy,Joy,0.7738841217104917,True
i am feeling a bit ungrateful and choose to correct that,Sadness,Sadness,0.8517463170893094,True
i notice how different this question is from why i am feeling so agitated,Fear,Anger,0.37943401032193513,False
i feel like such a noob when the customers make really dull and stupid jokes that im supposed to find funny,Sadness,Sadness,0.7755558215297005,True
getting sent on a company expense trip to another state to work for a week at that plan,Joy,Joy,0.5556993519422968,True
i feel insulted by how those heroes of cosplay goons said they don t care if you re if,Anger,Anger,0.9877155949615837,True
i eat a good breakfast i feel more energetic throughout the whole day and don t feel that o clock slump,Joy,Joy,0.9807877865554125,True
i feel very strongly about supporting charities that help children,Joy,Love,0.53987746487318,False
i have ever seen in my life was laceys constant disapprovements of rikkis extreme happiness when she just wasnt feeling quite as carefree as he was,Joy,Joy,0.9408505092314136,True
i started thinking about which spaces made me feel most creative and what characteristics they had,Joy,Joy,0.7964260764987817,True
i usually ignore page invites that are irrelevant to me or facebook game invites because its impersonal and it feels insincere,Anger,Anger,0.4640256545048995,True
i am feeling playful this morning,Joy,Joy,0.9989334595939852,True
i feel like im a pathetic little desperation,Sadness,Sadness,0.8841245943846548,True
i feel totally completely accepted and loved while my heavenly abba was pointing out sin in my life,Love,Love,0.3750710238652117,True
i feel fond of him though because he feels like an amalgamation of many people i already know,Love,Love,0.930849160911398,True
i feel like most teams would have appeased jackson at this point but the eagles are terribly stubborn,Anger,Anger,0.6598076730075233,True
i feel like damaged goods no one will want me now,Sadness,Sadness,0.9900783320417935,True
i think i love her enough now to feel pretty insulted and rawr about it,Anger,Anger,0.7987801587663734,True
i can t help feeling lucky little do i know,Joy,Joy,0.8171788040748668,True
i also feel the need to say thank you to the boy who helped me realize the above for showing me an absolutely splendid and hot night,Joy,Joy,0.7128990433282649,True
i can never tell him how i feel and it really sucks because i think he gets really bothered by that,Anger,Anger,0.8283681955696619,True
ive also had a nosy on the website and seeing as its coming up to that time of year and im feeling strangely festive for once ive picked my top five products from the a href http www,Joy,Joy,0.8960933280611928,True
i suppose its only natural that id start to feel a little homesick for new england at this time of year,Sadness,Sadness,0.8891702149743222,True
i really feel like we were successful in identifying some pretty scary early warning signs and sticking our foot in the door before it shut,Joy,Joy,0.9239566450290827,True
i cant help but think if id just shut up if id just not made a big deal of what was essentially two adults meeting at the same table for a hot beverage then perhaps i wouldnt have spent the bulk of the weekend feeling like a stupid shit,Sadness,Sadness,0.4701202921291229,True
i have been feeling really stressed out due to homework and my studies that have increased rapidly over the last week,Sadness,Sadness,0.5150094417489506,True
im begging fate not to mess with the next cycle to let it look as pretty as this one so i can at least go in feeling reassured,Joy,Joy,0.8888850539760775,True
i input class size medium wp image height src http techfeel in wp content uploads google hindi input x,Joy,Joy,0.7405134281078279,True
ive got to learn to be mindful of how i feel all the time not just if im suspicious of a feeling,Fear,Fear,0.9091965590086033,True
i am feeling much more relaxed,Joy,Joy,0.99335215049094,True
i feel it is acceptable to make requests using this name,Joy,Joy,0.9121000247086587,True
i have a feeling there are a lot of pissed off people in sea org in hollywood where scientology has become the monster that devoured wa wonderfully sleazy bohemian area,Anger,Anger,0.4882630410194156,True
i feel pained by this,Sadness,Sadness,0.9864885692047224,True
i am reading about s sewing circles and i feel completely happy if you cant spit in the face of imperialism at least be a lesbian,Joy,Joy,0.3167460227518577,True
i am feeling pretty fearless,Joy,Joy,0.9710528228177498,True
i feel bouncy and twitchy all of a sudden,Joy,Joy,0.8427529786662228,True
i feel like it s more of a mellow restive dream maker,Joy,Joy,0.9173393357995725,True
i did not feel any passionate joy,Joy,Love,0.5990889221700395,False
i have nostalgic feelings i have met wonderful people online and the online internet is for me like my second life,Joy,Love,0.8146308364337,False
i feel rejected for trying to find my path to a stronger relationship and bond with god,Sadness,Sadness,0.7285370947835783,True
i dont know how to deal with this i feel like its becoming apart if who i am im afraid that im going to associate it with regular things so that i will never forget it,Fear,Fear,0.36834218145291153,True
i think it s to do with the fact that i know i don t have a lot of time to play catch up and also because my free time for the first time in what feels like forever is really my free time,Joy,Joy,0.5508068577715405,True
i feel extremely privileged to live in a country where a vote is legitimate and matters,Joy,Joy,0.8858678873410957,True
i feel a strange gratitude for the hated israeli occupation of sinai that lasted from to for actually recognizing the importance of sinais history,Surprise,Surprise,0.2610252176172082,True
im much more peaceful and happy when the house is clean the food is good and my kids arent feeling needy,Sadness,Joy,0.8701141171784816,False
i felt that my birthday was my one day to feel special and i could do whatever i wanted,Joy,Joy,0.8386662967734507,True
i feel depressed again,Sadness,Sadness,0.9970661042091201,True
i got up saturday morning feeling like crud but determined not to let it get the best of me,Joy,Joy,0.8925063498163855,True
i feel that he is so determined to steal private industries away from citizens of this nation that he has given no time to fighting the real enemies of theu,Joy,Joy,0.8803444254290067,True
i would say no not yet and i would feel superior and in fact self righteous even if i would not admit it back then because i remember looking at the point so i can see that the point did come up but i could did not face it to protect my ego,Joy,Joy,0.8891140016821614,True
i feel very tender for anyone who is upset by the bee movie sort of like how you feel about old aunts who dont realize how prickly their whiskers are getting slightly repulsed but very sad for their decline,Love,Love,0.6995817693112262,True
i sat up to embrace them and realised that two hours spent shaking my thang in an eighties bar celebrating the fact i am one year closer to death had left my ageing body feeling punished and my normally pink feet blackened,Sadness,Sadness,0.7295434459471626,True
i feel so humiliated by my own self,Sadness,Sadness,0.9995549375216572,True
i feel it is a worthwhile item to me or within my company s mission,Joy,Joy,0.9945297378741751,True
i feel the earth move tribute to carole king karaoke mix details rel nofollow target blank see more details compare prices img src http www,Sadness,Sadness,0.9379446679689961,True
im the only one with all the feelings and emotions and thats just pathetic of me to do so,Sadness,Sadness,0.876825217471577,True
i can t say for certain why but it actually makes me feel amused and you can be sure it s not just me because other people from our offices told me they have the same a href http news,Joy,Joy,0.9733431436347905,True
i feel defeated but its okay hahaha my mid term holiday was good,Sadness,Sadness,0.9731820134554345,True
i decided to lay down in my bed but then i started to feel really violent like i wanted to punch and kick things except i didnt wnat to hurt anything,Anger,Anger,0.650507457247895,True
i want to say i feel numb but if i was numb i wouldnt have this pain and i probably wouldnt be able to cry so much,Sadness,Sadness,0.962027155409225,True
i go again sometime in the future id probably just stick with the african tram which comes with entry fee maybe id spring for the asian tram and if i was feeling particularly brave i might even try the hot air balloon which i thought was reasonable priced at,Joy,Joy,0.6564358025360302,True
i always feel very shocked by that me threatening,Surprise,Surprise,0.9837002174855919,True
i was supposed to be alright with not even feeling comfortable in my own home not being able to cook meals without a year old helping me ok with the mounting pile of water and utility bills,Joy,Joy,0.509172441337629,True
i am not proud to be british i am not glad to be young and i most certainly do not feel blessed by opportunity,Joy,Joy,0.9151761647157154,True
whenever i put myself in others shoes and try to make the person happy,Anger,Joy,0.39550544952343947,False
i feel absolutely devastated that gaia is being pushed to her limit in spite of the great strides we seem to be making with all the media attention lately,Sadness,Sadness,0.7278397164747386,True
i feel around someone the more idiotic i feel hence the unintelligible blabbering,Sadness,Sadness,0.8807442236161065,True
i was feeling content and oh so happy with my life,Joy,Joy,0.9817173687998407,True
i found myself feeling a bit overwhelmed,Surprise,Fear,0.4490623981202752,False
i don t know how i feel i guess it s one of those moments where you want to feel like you re accepted even though whatever you did or did not get mattered to you the most,Love,Love,0.3394064129151651,True
i wasn t sure what this gnawing feeling i was having but i was getting agitated sitting around doing nothing,Anger,Anger,0.5194129176865279,True
i dont remember how january was like last year thats why i need a real diary but this one is feeling bitter dark and boring,Anger,Anger,0.5762767594876456,True
i normally find intimidating but shes crazy about tiny little foreign food places and people like her so i feel less socially intimidated when im with her,Fear,Fear,0.9100434627022255,True
i feel quite researched and intelligent about my confidence in consuming meat,Joy,Joy,0.968388908623734,True
i ate something wrong so i feel terrible all day,Sadness,Sadness,0.8872641708746233,True
i feel like the place is even more messy,Sadness,Sadness,0.8168617205933169,True
i feel unprotected even while travelling alone,Fear,Fear,0.5369761437873749,True
i believe feeling duality suffering soul growth tells of an ending or a decline or a change of direction often one associated with emotions and it offers one possible response to that decline or change moving on,Sadness,Sadness,0.4640789500026339,True
i feel really uptight and unable to unwind,Fear,Fear,0.9097026394876083,True
im learning mandarin chinese now in preparation for a trip to tianjin this september and already only four lessons in i feel like i have a handle on the basics and im thrilled to have some insight into a language that had always been a total mystery to me,Joy,Joy,0.8290552304140876,True
i think and it feels a little weird,Fear,Surprise,0.40195333285979806,False
i feel my truth is accepted and not judged because well,Love,Joy,0.44793235743198745,False
i feel like an indecisive idiot,Fear,Fear,0.9434622400057193,True
i just couldn t decide what to feel she didn t tell me and then she blamed me because i never told her it would be like that,Sadness,Sadness,0.8084070151868711,True
i feel for vets the animals whose lives they save are always going to be hostile,Anger,Anger,0.7737773616850774,True
i still feel more than anything else humiliated whenever i think of everything that s happened,Sadness,Sadness,0.8745687342905473,True
i feel like i finally want to write about one of my vain hobbies makeup,Sadness,Sadness,0.4512561455138362,True
i regularly feel embarrassed about,Sadness,Sadness,0.9982120108845218,True
i then realized that if i want to shoot weddings of clients who i connect with and feel comfortable with i must allow them to get to know me,Joy,Joy,0.701436356980159,True
i checked the babys heartbeat and continued to feel him moving so besides feeling terrible i was at peace,Sadness,Sadness,0.7678619534642598,True
i found myself giggling and clapping my hands more often than a five year old at the ice cream wagon and there was never a point where i didnt feel genuinely entertained,Joy,Joy,0.6173343769978265,True
i feel more virtuous just looking at the pictures in her books,Joy,Joy,0.996652408371783,True
i guess it doesn t help that i got sick on black friday and was forced against my will to maintain my promise to stay in but being back in the city feels amazing,Surprise,Surprise,0.26990174556402663,True
i did feel rather like a celebrity and widget stood and let herself be admired while she drank orange squash from my cup,Joy,Love,0.42812696774040737,False
i really feel like having my own space anymore is a really vain idea,Sadness,Sadness,0.6430219302919663,True
i can reasonably deduce that my grandfather did also love my mother but that doesn t negate the lifetime of damage that the feeling of being unloved and unwanted created in her,Sadness,Sadness,0.9841734990027369,True
im saying this having not read the book the characters were hard to empathise for and a lot of the time i found myself not feeling distraught when something happened but rather uninterested and blank,Fear,Fear,0.7173791672849129,True
im spending less especially on stuff that wont last long not bringing tons of stuff into the house and i feel more positive about my holiday gift giving,Joy,Joy,0.8238111486672377,True
i feel embarrassed for not having lost weight again and im afraid that another week of disappointing news at the scale will cause people to give up on me and stop following the blog,Sadness,Sadness,0.9658914874348501,True
i feel a little guilty that i am not doing the same and as i contemplate going back to get some money the prisoners begin to enter the room,Sadness,Sadness,0.4973778704124544,True
i careened from feeling confident in my abilities as a writer to being equally sure that i will never ever write anything worth reading,Joy,Joy,0.9722073112795333,True
i feel very honoured to have been asked,Joy,Joy,0.9993499205688148,True
i feel pathetic that i can hardly go a whole day not talking to him,Sadness,Sadness,0.9117241446150229,True
i have faith in supreme power and i accept everything and all incidence occuring in life sometimes like today it really makes me feel very very dull and i start crying,Sadness,Sadness,0.5922275250109897,True
i want you to feel just as humiliated as you made me feel in school,Sadness,Sadness,0.9959299043544205,True
i is desperate for kareena akshay kumar will play a double role in flash forward minissha says i still feel today amisha patel in a glamorous avtaar,Joy,Joy,0.8216253032621227,True
i feel like i just doomed myself,Sadness,Sadness,0.9986215367670493,True
always when i am well succeded,Joy,Joy,0.6682256065993037,True
i felt so bad for the bad grade and feeling like having to hide it that i didnt know what to say except to declare in all my frustration that i hated school,Sadness,Sadness,0.7110068516698029,True
i feel assaulted by this shit storm of confusion anger and hurt feelings that tsunami d us both away from each other,Fear,Fear,0.5700078295073977,True
i feel so fucking low,Sadness,Sadness,0.7195401250231678,True
i feel betrayed and angry and sad at the same time dammit,Anger,Anger,0.5259412337234575,True
i feel reassured that the county government in my county takes the murder of an illegal immigrant in a back alley seriously enough to prosecute someone years later,Joy,Joy,0.946697768237819,True
i don t know how i feel about my submissive learning how to use a firearm,Sadness,Sadness,0.9917672410715109,True
i feel so drained at the end of a novel because i try my very hardest to get something from it that will change and impact my life,Sadness,Sadness,0.8584588600299093,True
i was truly surprised and feel quite honored,Joy,Joy,0.5924214043291632,True
i hate feeling alone too,Sadness,Sadness,0.9592456809892038,True
i feel like if people accepted that wed get along a lot better,Love,Joy,0.3880579860759813,False
i feel the creative juices beginning to flow again,Joy,Joy,0.721781473344813,True
i feel suffocated and paranoid,Fear,Fear,0.9012389441698647,True
i would call success and i was feeling pretty depressed about the state of clothes,Sadness,Sadness,0.5518909451791683,True
i feel soo lonely,Sadness,Sadness,0.8544334740345966,True
i see on wednesday im feeling fantastic these days and i can tell im getting smaller and smaller,Joy,Joy,0.9069812279708768,True
i feel as though i am on another adventure and i am more curious about it than anything else,Surprise,Surprise,0.6401539743991741,True
i also feel the sidebar is messy,Sadness,Sadness,0.8556898934565434,True
i feel respected and secure where i can journey toward loving and be loved in return,Joy,Joy,0.7627827288546286,True
im feeling relieved yet painful but something inside me is creepily numb i feel like a ghost in the hallways the way i used to just dont tell me its only another time to succumb,Joy,Joy,0.4423967646583269,True
i feel more amazed and more thankful for having e in our lives,Surprise,Surprise,0.9720622077529965,True
i must confess that im still feeling very uncertain about how god is going to work everything out,Fear,Fear,0.9803878060012241,True
i have this really bad feeling that cold is what i will be for a few months,Anger,Anger,0.6782521177597205,True
ive been feeling sort of depressed,Sadness,Sadness,0.9154742921609621,True
i am just feeling as indecisive as ever i suppose,Fear,Fear,0.9929134366047472,True
i felt abandoned for what seemed like the millionth time in my life and i spent the last several days feeling sorry for myself when i should have been picking myself up in order to help my friends,Sadness,Sadness,0.8024396481876808,True
i enjoy the day more when i feel cute,Joy,Joy,0.9849955598344986,True
i was bonded to that point in time and still feel fond of this memory,Love,Love,0.9727325077009926,True
i will remember to come to you when i feel beaten and depressed because in faith only can we truly be healed,Sadness,Sadness,0.9819136873346369,True
i sometimes feel is carried in my heart just by loving my child so fiercely,Love,Love,0.48427113458053717,True
i feel she said quickly i am so glad,Joy,Joy,0.811212160685354,True
i understand that they are reacting to what we re doing i think they re observing us closely and i become happier i can actual feel that they re supporting us,Love,Love,0.2843120303803,True
i imagined being in form fitting clothing that was beautiful looking in the mirror and feeling proud being lighter and more energetic,Joy,Joy,0.9922808760979306,True
i am starting to feel like maybe i do want a relationship im just to stubborn to admit it,Anger,Anger,0.8262036507605051,True
i did feel appreciative of the money that was coming in,Joy,Joy,0.9935138030357776,True
i feel are loyal especially after all ive experienced recently but i can trust him,Love,Love,0.9139610960667466,True
i feel a pain in my own heart as every priestess in the temple drops as every single ven who is devoted to talia loses their devotions and takes a rank of injury equal to their devotion,Love,Love,0.47208966361628457,True
i just feel so smug that we got the exploited and she gets bruno marzzz,Joy,Joy,0.9862623273917026,True
ive been soo excited for him to feel and it was amazing,Joy,Joy,0.7153301784767175,True
i feel kinda lousy about myself,Sadness,Sadness,0.958783802783428,True
i know he does the same thing for so many passersby i feel special truly welcome in his country,Joy,Joy,0.9046180434887735,True
i didnt start feeling the excitement until the movie was almost over and then it started coming in violent waves,Anger,Anger,0.6424017184501937,True
i feel so blessed to have friends i can come to,Joy,Love,0.42419644023071745,False
i am feeling very strange but this is also present movement and i am trying this as one of way,Fear,Fear,0.3233465546457569,True
i feel like that s acceptable,Joy,Joy,0.9766503915593923,True
i feel like im boring sometimes im okay with that,Sadness,Sadness,0.7869545239613984,True
i have felt the need to write out my sometimes anxious feelings impatient thoughts lists of things that still should could be done before this baby arrives,Anger,Anger,0.6209555706846872,True
i feel like life is so vain,Sadness,Sadness,0.8653489635518973,True
i dropped off the script and left feeling dissatisfied with myself,Anger,Anger,0.9836086892226039,True
im starting to feel really pathetic giving the bulk of my enthusiasm these days to the kardashians us weekly and roseanne marathons and completely ignoring this blog,Sadness,Sadness,0.5900482343211394,True
i feel love se inscrie intr un rafinament lejer romantic si extrem de feminin,Love,Love,0.8781602379051957,True
i really wish i had more time to explore twitter as i feel like i lost a lot of time learning how to use the site,Sadness,Sadness,0.37120077342662305,True
i love doing yoga i love learning about it i love what it has made me and when i think about sharing that with yoga students of my own i feel so hopeful and excited,Joy,Joy,0.9836983449165267,True
i went to training feeling very disheartened,Sadness,Sadness,0.998956866301037,True
i feel so glad doing this,Joy,Joy,0.9981246505129838,True
i do is priceless and i feel so honoured for every mum and dad who trusts me with their new arrival,Joy,Joy,0.9841219033902998,True
i felt really bad because claudia and i have always had an amazing time in la and i could feel that she was disappointed that this trip was not turning out to be as fun and amazing as it could have been,Sadness,Sadness,0.798394102852842,True
i remember feeling nervous,Fear,Fear,0.9955975956751343,True
i feel the need to pimp this since raini my beloved rocky casting director loves it so much,Joy,Love,0.5636552360766607,False
i feel like my life has been taken over by a video game and im doomed to repeat the same set of circumstances over and over again until i collect all of the special powers knowledge and treasures to finally advance me to the next level,Sadness,Sadness,0.4602966293621814,True
i feel like i m the one being punished,Sadness,Sadness,0.996980159336232,True
i kept feeling wonderful as i ran and couldnt believe it,Joy,Joy,0.7722164019822283,True
i feel less stress about doing pretty much any unpleasant obligation in life because i know that i will allow myself to mix it with things i enjoy running baking climbing coffee with girlfriends cuddling with my dog reading a book,Sadness,Sadness,0.6514059339214503,True
i was lying in bed last night after a day of making experiments from the usual suspects fabric plastic and feeling agitated that my issues with proper presentation had not made any headway over the course of a mere six hours,Anger,Fear,0.35859005584093573,False
i am working right now guys and feel horny and so much passion,Love,Love,0.9902197430996641,True
i feel like im being greedy asking for something so expensive,Anger,Anger,0.9447470123442364,True
i see him i feel friendly,Joy,Joy,0.9596423219127143,True
i couldn t tell if he was sick injured or just feeling generally awful but he climbed into the team car and abandoned the race right there with spectators snapping away on their phones,Sadness,Sadness,0.524184105300538,True
i forced myself to keep going back even though they made me feel consistently uncomfortable but after a while i just gave up as i saw no point,Fear,Fear,0.3687724338388884,True
i wonder if im vain because i love dressing up and attempting to be fashionable but then i realized that there is nothing wrong with dressing so that you feel pretty cute smart whatever,Joy,Joy,0.8887854347872435,True
i feel so special and when i want mashed potatoes pronto i get mashed potatoes pronto,Joy,Joy,0.9338327940790129,True
i cant remember exactly what made me stop using it but i have a feeling i got distracted by other hair products and just sort of forgot about this one,Anger,Anger,0.6498639823495873,True
i can feel some kind of acceptance in the song which is why i gave the photo a kind of ecstatic ascension to a higher level of conscience aesthetic like a rapture of sort,Joy,Joy,0.9103250694322302,True
i am or who i m with i always feel alone,Sadness,Sadness,0.8669212071000656,True
i have a feeling hell be the kid up there shooting daggers out of his eyes annoyed that hes standing up there holding flowers,Anger,Anger,0.5467226914367083,True
i dont know if i feel thrilled at finally getting to go camping again with people i like and know first time where thats happened,Joy,Joy,0.8940434698133077,True
i feel and talk like a disadvantaged child and am waiting for half my face to come back to me,Sadness,Sadness,0.5362841044587774,True
i can t help but feel really nostalgic of the disney levels,Love,Love,0.9808742974008102,True
i feel is entirely more dangerous,Anger,Anger,0.9581415240719343,True
i remember feeling thrilled to use my nursing skills relieved that i could have a few days out of the house and i remember that at first it was hard but then it was no problem,Joy,Joy,0.8655889624512133,True
i found myself being amazed at how mid s f would feel a tad cool as if perhaps a sweatshirt wouldve been a good idea,Joy,Surprise,0.6665586329065165,False
i feel like a may have mislead the very gracious readers of this blog,Joy,Joy,0.4259138150833832,True
i still feel confused and guilty about the whole thing,Fear,Fear,0.6505006664008436,True
i feel intimidated by the tasks you feel overwhelmed by huge and complicated tasks,Fear,Fear,0.9959872413605142,True
i was feeling emotional crying for no apparent reason but at the time it feels like the world is ending,Sadness,Sadness,0.6449489833912461,True
i feel lonely and sad when i cannot talk to you during the day while i get a moment at my desk,Sadness,Sadness,0.8857930404230046,True
i still sit back and feel amazed by the whole thing,Surprise,Surprise,0.9808066331874412,True
i feel rejected and i cant find what ive left behind,Sadness,Sadness,0.9892201390564397,True
i feel like i cant have dirty dishes piled up laundry strewn about or toys scattered everywhere,Sadness,Sadness,0.5364985736517298,True
i feel more so lately than ever that life is so precious,Joy,Joy,0.831018477856403,True
i feel completely burdened with my own intelligence,Sadness,Sadness,0.9341538220690406,True
i cant think of any emotional state that is worse than feeling generally worthless and unlovable,Sadness,Sadness,0.9938503793233658,True
i dont have any photos with me because i was too excited and happy about my prejudging which i did great btw at least i feel tt i did since i felt confident and didnt stutter in front the panel of judges we had and dearest bf was around after doors opened for the public,Joy,Joy,0.8632714883880132,True
im feeling jolly by a href http www,Joy,Joy,0.9786420694179719,True
i feel fake because i think if you really want to have a good conversation and make good contact you have to appear especially self confident and even risk talking to some people which are no good to talk to at all until you meet one person which you have a good connection to,Sadness,Joy,0.4988241854841266,False
i went around for the rest of the day feeling distressed that i changed my appearance based on someones comments how i made myself even by coincidence more appealing to him and that just felt wrong wrong wrong,Fear,Fear,0.682712018064496,True
i really enjoy cabernet for how aggressive the flavors tend to be and while this isnt exactly a light wine it still has a general congenial feel to it that i find a very pleasant,Joy,Joy,0.729396994188085,True
i woke up very early this morning feeling joyful,Joy,Joy,0.9844508749240982,True
i wonder how it feels to be loved by someone you love,Love,Love,0.8073996811522998,True
i feel as if i havent blogged in ages are at least truly blogged i am doing an update cute little post today,Joy,Joy,0.8435388518287461,True
i feel cared for and accepted,Love,Joy,0.7670049474716393,False
i feel passionate about knitting and seeing really good films and the surprisingly awesome tv programs that are on now i cant believe i just wrote that,Love,Joy,0.5437948114596982,False
im feeling depressed again,Sadness,Sadness,0.9976347797216008,True
i feel i feel drained i feel as if talking to others will finish all my strength,Sadness,Sadness,0.9442801475667038,True
i am feeling ok lots of bruising to my arms where they decided to remove blood from me,Joy,Joy,0.2774886087615913,True
i just don t feel that the others are worthwhile,Joy,Joy,0.9857616497067935,True
im just feeling listless and bored or something,Sadness,Sadness,0.9975476921037488,True
i have the joy of allowing kids to feel like the valued treasures that they are and to just have a blast being a kid alongside with them but can i just say its an incredibly humbling experience to have influence into a childs life and to know that what you do and say is being internalized,Joy,Joy,0.8317315333840231,True
i sometimes feel irritated at the thought of spending money on a few annuals to spruce up my doorstep,Anger,Anger,0.9864380317271201,True
i wish i could bottle her squeals of delight and take them out whenever im feeling grumpy,Anger,Anger,0.9026605714235745,True
i have been feeling overwhelmed with it all and needing to take time out,Surprise,Surprise,0.5021302676308624,True
im feeling dangerous and ill just write and figure out where the hell itll take me,Anger,Anger,0.8855951522629283,True
i honestly thought impossible at this point i feel pretty,Joy,Joy,0.3467048999026275,True
i have found that some korean men are turning to foreign women because of the freedom they feel it can be easily accounted for that dating between koreans can be a casual thing but more often than not it tends to be a serious matter,Joy,Joy,0.7208277820408027,True
i think i was also having a pity party because i am feeling a bit frustrated with how little time i seem to have each day,Anger,Anger,0.4290460226375082,True
i forgive myself for accepting and allowing myself to have the feeling that i am going to get punished for doing something wrong,Sadness,Sadness,0.9046243885852904,True
i feel like i m part of the problem when i call out missy jane s trusting an angel cover for not airbrushing out all the real skin on the cover model s,Joy,Joy,0.3642440060033269,True
i might feel offended at times from hearing statements where that i strongly disagree,Anger,Anger,0.9739478569692458,True
i can easily feel quite pressured by routines and i really noticed the difference while i was away,Fear,Fear,0.7386135034619437,True
i was feeling the need for some christmas crafting this week especially after seeing a couple of lovely quilty christmas projects at stitch group,Love,Joy,0.42730874852916245,False
i can cycle further than ever before and the feeling of finishing the manchester to blackpool miles then not being at all bothered at having to ride an extra mile to put,Anger,Anger,0.39882794804475974,True
im not sure how i feel more than anything im keen to see it as a test to see if im over him yet and ready to view him as a friend,Joy,Joy,0.8411509190298628,True
i also feel lethargic and again,Sadness,Sadness,0.9995857334368591,True
im feeling somewhat nostalgic about the game just from the fact that its star wars,Love,Love,0.93418832993065,True
i don t feel like i should be punished to carry this burden even though i have been for four years now,Sadness,Sadness,0.9920839704508031,True
i was feeling like i said humour gets me through im one of those people who even if i spoke about my issues no one would be too bothered or would care that thought was in my head and wasnt true that way of being like i dont want to burden you sort of thing,Anger,Sadness,0.3455198945014469,False
i feel about this part of my life and how treasured my london flatmates are to me it was especially neat to point at something and say this is where,Love,Love,0.5671635717939822,True
i feel all innocent now,Joy,Joy,0.9995832053526188,True
i feel hopeful with this new treatment to extend my life,Joy,Joy,0.9029934147737426,True
i feel like an idiot for trusting you though,Joy,Joy,0.5687690029815754,True
i am only providing the link as a courtesy to its author but it was all about stuff that was either before my time or i never experienced even if i lived when it was available so i couldn t feel emotional about any of it,Sadness,Sadness,0.5579698849369115,True
i have a feeling i kinda lost my best friend,Sadness,Sadness,0.8029518301192988,True
ive had a few rough days since then and in the midst of crying and dealing and feeling just so defeated and emotional i put my coat on and curled up and created this safety nest inside my coat,Sadness,Sadness,0.9127057643810617,True
i do feel terribly remourseful that i didnt stay faithful to my plans and get him sooner,Love,Joy,0.3060903507590592,False
i went to a wedding this weekend and i have to say i was feeling very important,Joy,Joy,0.4368237956259748,True
i should stop reading sids blogs but it is part of my blogging community and i feel that in supporting each other we get better at handling grief and hence i am not going to stop,Love,Joy,0.3495281278201334,False
i feel less shy about exploring roles in more physical ways,Fear,Fear,0.6458708401365356,True
i replied feeling strange at giving the orders,Surprise,Fear,0.39178226666839117,False
i chant the invocation and feel his force supporting me as i teach,Joy,Joy,0.35174228692902987,True
i feel like he moves sleep i am glad i enjoyed that week of good sleep that i mentioned because i have a feeling that is over with now,Joy,Joy,0.6227787164447935,True
i am really hurt and i feel unimportant and that sucks,Sadness,Sadness,0.9985096861283184,True
i grew up around this feeling living only minutes away from the gorgeous atlantic ocean in brazil so its probably no surprise i grew fond of the ocean,Joy,Love,0.5537019080175895,False
i feel honoured today olu jacobs i feel honoured today olu jacobs a href http momo,Joy,Joy,0.9984780206942389,True
i made some chilli oil because it s monday and i was feeling dangerous,Anger,Anger,0.9571666827909586,True
i started walking again yesterday and it feels amazing,Joy,Surprise,0.414542851568763,False
ive also been feeling somewhat emo irritable lately,Anger,Anger,0.8978146401502609,True
i felt joyful then it subsided now i feel joyful again,Joy,Joy,0.999037753893702,True
i feel like i have to shy away from triggering some stereotype of a person who will scream and break things because they didnt get to eat their favorite kind of sandwich,Fear,Fear,0.5389024072869385,True
i feel completely distracted and emotionally drained,Anger,Sadness,0.9205707800483697,False
i exhausted and feeling a little morose but now im livid on top of everything else,Sadness,Sadness,0.9760504405116565,True
i feel so safe and tucked away,Joy,Joy,0.9851074147882879,True
im feeling too tortured to write today,Fear,Anger,0.3912013184532122,False
i promise youll feel inspired afterwards,Joy,Joy,0.95893046473647,True
i feel however i have something far more precious than feelings,Joy,Joy,0.8890837792071997,True
i feel that working together and supporting each other as a whole i can represent a larger younger voice in politics what can i say to that,Love,Joy,0.37602008138938575,False
im alone in this apartment i get this overwhelming feeling like im being watched and that im unwelcome,Sadness,Sadness,0.8502901514770143,True
i feel blessed that i have people in my life who remind me all the time that i did the right thing and that i look better like this,Love,Love,0.38846055508964367,True
i had come to associate the bad feelings with bad behaviour and this only continued,Sadness,Sadness,0.2627225573118715,True
i feel a lot of affection for you that is longing to be conveyed,Love,Love,0.8937131674808402,True
i am and i am looking for some vest tops i have some shorts but long ones due to feel paranoid that i have cellulite everywhere,Fear,Fear,0.935245386194572,True
i feel like it was a bit of divine intervention for me,Joy,Joy,0.9514015479333133,True
i know is that she s here and i m so thankful for her warm loving and peaceful presence i feel when my anger or feelings of discontent and frustration flare up,Sadness,Joy,0.6415523356274686,False
im trying to be understanding open minded and fair but im feeling completely pissed to the max about a few things,Anger,Anger,0.5344662859562112,True
i don t know if this helps at all but writing all of this has made me feel somewhat regretful of ashamed of who i was and while i have more to share i just don t think i can right now,Sadness,Sadness,0.9873468496390737,True
i feel happy about this solution,Joy,Joy,0.7228529109097919,True
i did enjoy the book however and i especially liked the characters of the brothers one fired up with the detectin spirit and the other feeling skeptical but willing to back his brother in a fight,Fear,Fear,0.7364641769362361,True
im not sure if its just me who feels this way or if its everyone but tortured souls dont make for the best boyfriends,Anger,Fear,0.3744622592263647,False
i have not conducted a survey but it is quite likely that many of them feel as assaulted by onel s demons and other creators as i would have felt had the walls been covered only with eminent figures patriotic heroes and epic deeds,Sadness,Fear,0.8074841378479863,False
i think were on a level of understanding though i still feel hes hesitant,Fear,Fear,0.8609340666952631,True
i just feel so virtuous when we go on a fieldtrip,Joy,Joy,0.99949784516085,True
im not gonna lie i was kinda sad and down and feeling pretty lonely,Sadness,Sadness,0.795585997944547,True
im feeling ecstatic about right now the classy ever after redesign project begins this week,Joy,Joy,0.9895707310735469,True
i feel could have been avoided with some blazes markers or cairns i was very annoyed at this point,Anger,Anger,0.7357459740340967,True
i never told my boyfriend or his parents and i do remember feeling embarrassed and maybe even a little ashamed,Sadness,Sadness,0.9879142042316612,True
i feel more aggravated and annoyed by their visits,Anger,Anger,0.9995865220285904,True
im feeling completely idiotic by not being ablo to contribute,Sadness,Sadness,0.9670245271988326,True
i aint happy im feeling glad i got sunshine in a bag im useless but not for long the future is coming on,Joy,Joy,0.931290206020635,True
i feel strong is that i dont let the anger win,Joy,Joy,0.6131336554043344,True
i always feel so helpless during times of disaster but i feel a little better knowing that even a few dollars can make a difference for someone in need,Sadness,Sadness,0.36719179798863777,True
i honestly feel extremely shy to ask my friends to take pictures of me how vain must they think i am,Fear,Sadness,0.41953679631592034,False
ill find that elusive second wind and feel more hopeful but today i am a href http www,Joy,Joy,0.9411017701987469,True
i feel intimidated nervous and overwhelmed and i shake like a leaf,Fear,Fear,0.9997649013133424,True
i make myself feel useful by fucking a guy,Joy,Joy,0.9670937769130294,True
i feel most inspired to create and ive been thinking a lot about inspiration this week,Joy,Joy,0.9188896291142544,True
i think most interactions in person are probably fine sufficiently respectful and polite that the ladies don t feel abused,Sadness,Sadness,0.7558449654631101,True
im feeling extremely fabulous with my jacket and shoes aint no bitches gonna bring me down hahah,Joy,Joy,0.5705106076999981,True
ive have chosen to walk with jesus and maybe im feeling a bit miserable im going to suck it up and think about these three dudes,Sadness,Sadness,0.7459575622237548,True
i had a good day but right now im feeling pretty irritable for no real reason meaning nothing significant happened to make me feel annoyed,Anger,Anger,0.96161830533439,True
i am feeling contented and pissed at the same time,Joy,Joy,0.8836816148580886,True
i wonder if the homeowners would feel weird if i parked to gape at their landscaping,Surprise,Surprise,0.36927995455979545,True
i both feel impatience at the rate of loss and impressed at the same time,Surprise,Surprise,0.6868179672669623,True
im a big guy and ive gotten into some of the rigs that weve worked with to try them out and see what they feel like and let me tell you it was less than pleasant,Joy,Joy,0.5778814469053875,True
i ran errands to buy cora a few newborn sized sleepers i had not previously made any newborn sized babies and went out to lunch to celebrate how great i was feeling i feel amazing no pain no pain meds and moving around almost completely normally at days out,Surprise,Joy,0.32837001645459707,False
i really am not feeling child friendly,Joy,Joy,0.8773990627417612,True
i feel furious with myself,Anger,Anger,0.9974370664271502,True
i think or feel but like this person i am still amazed by them,Surprise,Surprise,0.852051560228016,True
i like to think i present myself and the life and times of the working mum to a good standard and if i ever do miss a apostrophe or miss spell a particular word please feel free to call me on it,Joy,Joy,0.8811492457040109,True
i don t feel i can ask him what feels like a dumb question,Sadness,Sadness,0.852864954420243,True
i feel proud to know several people that have deserved to be advanced for a while now and finally picked it up this time around or last time in a few peoples cases,Joy,Joy,0.855726971810494,True
i give up from my goals if i feel them boring,Sadness,Sadness,0.7120071653545783,True
i was careful to make sure the characters featured you can feel sympathetic,Love,Love,0.9840289707112505,True
i didnt make it to my weight watchers meeting feeling guilty i made sure i had a healthy breakfast consisting of museli yoghurt and fruit,Sadness,Sadness,0.47127806886227247,True
i am feeling the tender spot on my foot when i flex it a certain way so it is back to wearing shoes all day for this cowboy,Love,Love,0.7210437178256596,True
i know how that feels weird right,Fear,Fear,0.47082406108384894,True
i thought yoga was supposed to make me feel tranquil peaceful and sculpt my legs into those of a greek goddess,Joy,Joy,0.9925576772320648,True
i just feel its one of those things you dont talk about too much because then too many people come to know and then the plan doesnt taste as sweet nor does it feel like a plan,Love,Joy,0.311257932906912,False
i left the theater i ran my hand sadly over the plush red backs of the seats in front of me feeling almost mournful that i wasnt going to be back for a long time,Sadness,Sadness,0.3870689390516807,True
i asked some girls what it meant to them to be valued and for the most part the response was that they felt valued when the people around them made them feel valued and treated them in a loving and caring manner,Joy,Joy,0.8270880642079653,True
i am feeling very petty right now,Anger,Anger,0.9895801489766737,True
i wasn t the person who was helping i realized that it was i who inspired all these people to start charity work and i can t help but feel proud,Joy,Joy,0.9653598081358717,True
i feel so amazingly overwhelming thrilled for my wedding,Joy,Joy,0.7162856225356657,True
i feel shame in a strange way,Surprise,Fear,0.3827037619416543,False
i suspect much of the country feels after the tragic events of last week,Sadness,Sadness,0.688333971238904,True
i feel like that because for the most part i have accepted that this is a part of my life and that people will never changed,Love,Joy,0.540269665226317,False
i find it relaxes me and i feel productive making food as the end product should taste nice and will satisfy myself and other people,Joy,Joy,0.9868741183335665,True
i feel that sometimes i ve been distracted and neglectful i am thankful that this is not about adding another box to check in my otherwise busy days,Anger,Joy,0.3396456715561303,False
i feel about these individuals but that opening line shows how inadequate simple words can be,Sadness,Sadness,0.8936923920785769,True
ive been too deep down in the swamps swimming in muddy waters tortured by fear feeling lonely and lost,Sadness,Sadness,0.5302934957208733,True
i didn t feel talented at anything i was doing and eventually wasn t putting fully into it,Joy,Joy,0.9668639433818972,True
i read her blog is that i feel that shes one person who doesnt care how people look at her and believes in being herself no matter how bitchy annoying or self centered that may seem to people,Anger,Anger,0.5797103849871246,True
i am sat here feeling mightily distracted and not wanting to write the next scene of my nano just yet rape torture bad stuff,Anger,Anger,0.7514308623359531,True
i came across something which made me feel lousy,Sadness,Sadness,0.884281678624528,True
i love rides but wasnt feeling too hot this day,Love,Love,0.7252599201396572,True
i feel bothered by any of these things i open a door,Anger,Anger,0.9900338045878947,True
i found myself feeling nostalgic as i thought about the temporarily abandoned little bishop chronicles,Love,Love,0.9651713869073997,True
i forgive myself that i have accepted and allowed myself to think that as i am writing this blog that someone will feel sorry for me give me some sympathy and tell me i am right,Sadness,Sadness,0.5996375168292783,True
i feel irritable about the number of people that came into our office whining about their own circumstances i realize im not practicing thinking about the good things and i find it a better way to pull yourself into the present,Anger,Anger,0.8375488527385713,True
i am only too well aware of the strength of feeling that this house holds about the tragic and needless deaths of so many men women and children,Sadness,Sadness,0.5253149133906424,True
i feel for all of you who have been supporting me is so extreme there would be no way to put a number value on it,Joy,Joy,0.5883792962574869,True
i feel such duties are unimportant to our profession i just am not qualified to discuss all of them,Sadness,Sadness,0.6595734841160721,True
i do feel proud and happy and also very grateful to all who read me,Joy,Joy,0.9929046035929808,True
i feel shaky from the battering of emotions but im still standing,Fear,Fear,0.9779065749194588,True
i feel like being all stubborn and stingy,Anger,Anger,0.9960774687649576,True
i been that i feel like i can traipse in and out of all your lives tromping on your heel loving hearts with my stilettos,Love,Love,0.5869023001306167,True
i reread for comfort the familiarity of a book whose plot i already know is easier to deal with when im feeling stressed than a new to me book with all its unknowns,Sadness,Sadness,0.26836378352295576,True
i love it but sometimes i feel exhausted,Sadness,Sadness,0.9961591272714941,True
im sorry i feel so uncertain about it,Fear,Fear,0.9877114331088098,True
im feeling crappy ill fish for compliments like any other girl,Sadness,Sadness,0.7396821317190451,True
i am asleep i would feel no pain but that violent act would be completely unjustified all the same,Anger,Anger,0.6229917325622262,True
i feel burdened and stuck in the center of a dark tunnel,Sadness,Sadness,0.9889289243794956,True
i know their feelings are very real and not petty but neither are mine here,Anger,Anger,0.7313122820747661,True
i would look up at the sky scrapers and feel amazed that this little girl from montana was there,Surprise,Surprise,0.9780608780457728,True
i don t want to i feel irritated,Anger,Anger,0.9997998104078595,True
i feel like i look like a miserable heap,Sadness,Sadness,0.9865920728529889,True
i really feel like i am useless in this world,Sadness,Sadness,0.9773283517640043,True
im definitely not feeling fearful or anything right now,Fear,Fear,0.9329922967112363,True
im now on day two of the plan and im feeling positive,Joy,Joy,0.953133672147218,True
im feeling really terrible about it because my journaling has also come to a screeching halt as well,Sadness,Sadness,0.6121638583448118,True
i feel as if today was a positive gift delivered to us teachers on a very stressful week,Joy,Joy,0.8080320576467954,True
i have been feeling shaky this morning after taking them as well,Fear,Fear,0.9833876619321472,True
i feel like they rushed the relationship,Anger,Anger,0.926052138843354,True
i maintain that these feelings should be repressed not expressed,Sadness,Sadness,0.8593360597878813,True
i have found myself overwhelmed with jealousy and self contempt and i have found myself feeling this towards the lives of my sweet friends and acquaintances as portrayed on social media,Love,Anger,0.2908221646306464,False
i feel last time ure the one that feel paranoid,Fear,Fear,0.9676881995693597,True
i know how it feels to be tortured,Anger,Fear,0.43908125811594684,False
i will tell you that i am feeling quite invigorated,Joy,Joy,0.9966791842081433,True
i vented my feelings towards the pathetic excuse of a communicat,Sadness,Sadness,0.6735079765074511,True
i fancied the terrains there and feel keen to go there again,Joy,Joy,0.9412851891215824,True
i feel your prescence a gentle touch,Love,Love,0.9797978362140636,True
i am still feeling a bit dull from the loss of sleep and am trying to sleep in each morning as possible,Sadness,Sadness,0.9022543452290478,True
i would feel so i don t know maybe a little resentful,Anger,Anger,0.9312011052334828,True
i first started using this i did not like it because i felt like it made my hair feel very dirty even though i had just washed my hair,Sadness,Sadness,0.7418919879369873,True
i look at their situation and feel so so jealous that i almost cant bear it,Anger,Anger,0.8382680340467717,True
i am feeling triumphant today,Joy,Joy,0.999858612090633,True
i feel like the writer wants me to think so and proclaiming he no longer liked pulsars is a petty and hilarious bit of character,Love,Anger,0.5265200235079944,False
im feeling sentimental or in need of reassurance,Sadness,Sadness,0.9922436552712772,True
ive ever read that explains why i feel this way all the time and reassures me that im not just defective somehow,Sadness,Joy,0.41116019973006357,False
i come in contact on a regular basis and the sooner i can figure out how to be kind to them in all situations the sooner they will feel valued appreciated loved and the desire to learn how to pass that kindness on to others as i am learning to do,Joy,Joy,0.9535609890122315,True
i tried adding in any other type of cheese and we re talking small quantities i was right back to feeling shitty,Sadness,Sadness,0.6420756595485981,True
i seem to share an equal passion for long distance touring and harley davidsons so i feel sure wed bore to tears every person within earshot,Joy,Joy,0.5305190031557966,True
i don t know if it s mostly because he s forcing himself to be distracted or if he s feeling more determined or what but i think that though he s still hurting he is learning to cope with it kame takes a breath,Joy,Joy,0.5340374594951276,True
i help my daughter when she is feeling angry,Anger,Anger,0.8556272305084447,True
i feel terrible when i hurt peoples feelings worse afterwards and i always hope never to do it again,Sadness,Sadness,0.9190617440175759,True
i feel a little glamorous i wet the brush,Joy,Joy,0.9498877515649644,True
i just feel you so so dont be afraid and pray again i need you go back in time forgive my sins so so sloth,Fear,Fear,0.754733343427956,True
i grew up feeling ugly and inadequate,Sadness,Sadness,0.9999471331217437,True
i feel such a sense of accomplishment after being embarrassed by these clothes and prepared to either donate them to a charity or throw them out,Sadness,Sadness,0.55648993816898,True
i don t think we re to that point yet and i foresee a lot of traffic between my bed and the crib until he is old enough to no longer feel that i am the only acceptable answer in the dark,Joy,Joy,0.836695881047024,True
i know that i feel awful when i ask my husband to watch audrey just long enough for me to take a shower,Sadness,Sadness,0.7720301828498972,True
i hate myself to feel so bothered by the word team the word badminton,Anger,Anger,0.9371970742644671,True
i could empathize with tab because of raging hormones and the connection feeling like someone else gets you thinks youre smart pretty worth attention,Joy,Joy,0.570230590916269,True
i feel so totally invigorated that i completely forget what it s like to have a cold,Joy,Joy,0.9260578686096889,True
i wont give you too much in case you feel greedy,Anger,Anger,0.9631055071114428,True
i tell you that i love you and my feelings are sincere my dear,Joy,Joy,0.8866773247528286,True
i feel the pain in my vein its oh so vain am i insane,Sadness,Sadness,0.8407898315640673,True
i feel that i worry too much and much on petty things like,Anger,Anger,0.7726482708455018,True
i wanted to thank them all for giving jordan and myself the chance to be together without any distraction and making us feel so welcomed and loved,Joy,Joy,0.9051759886359473,True
i feel affirmed gracious sensuous and will have less self doubt when a href http generations,Love,Joy,0.43769329508315047,False
i have spent of my waking hours enjoying the freedom of not owning a cellphone feeling smug about it in situations in which a phone would have been awfully convenient and fielding incredulous questions,Joy,Joy,0.9226292305547511,True
i don t like feeling like an eager schoolboy waiting around for hours just to touch the shining alumninium,Joy,Joy,0.4605165242700928,True
i feel so greedy so needy so helpless,Anger,Anger,0.9287975120834366,True
when i heard the last regulation of the socialist govrenment concerning pensions,Sadness,Sadness,0.20761021817285696,True
i feel so awful she said,Sadness,Sadness,0.9823014324622572,True
i have finally cast my studio show and it feels fab,Joy,Joy,0.7838448466630786,True
i feel extremely gloomy and confused,Sadness,Sadness,0.9805188499019267,True
i feel that passionate about,Joy,Love,0.8218817328468567,False
i feel worthless and pointless and i feel like everyones third wheel not even second,Sadness,Sadness,0.966822555920932,True
i felt this emotion when my name was announced on the radio that i had been selected to come to lilongwe school for health sciences to take a training course as a medical assistat,Joy,Joy,0.4789043034339987,True
i was feeling superior to women who left their alcoholic husbands i was stronger and more godly and wasnt ever going to do that,Joy,Joy,0.9842428419988754,True
i really feel for the women who have to work with these obnoxious cretins,Anger,Anger,0.9189111349826813,True
i didnt have to drink as much last time as people who get ultrasounds at weeks or before do but it was still enough that i was feeling distinctly eager for the toilet by the end,Joy,Joy,0.4690731243191297,True
i feel it is perfectly acceptable to consume homemade chex party mix for breakfast during the holidays given the fact that it is mostly cereal,Joy,Joy,0.9289080052573558,True
i feel like they don t think it s sincere when it really is she told us exclusively,Joy,Joy,0.6929866909815136,True
i would always have this song stuck in my head after a bombing or incident and then i would feel a bit weird about it because if you dont really pay attention to the lyrics it sounds like such a happy song not the type youre supposed to hum on difficult days,Fear,Surprise,0.322426003600184,False
i feel my comments or opinion are sincere but some people get the wrong message,Joy,Joy,0.7438734395638776,True
im sorry im feeling a little bitchy tacky looking women came in and sat next to me,Anger,Anger,0.7722937855241359,True
i feel like charmed gave me the means to spend those few years when my sons were very young at home with them,Joy,Joy,0.7071633216427881,True
im really happy but i just feel exhausted,Sadness,Sadness,0.9938329863378818,True
i feel a kind of dull grief over it,Sadness,Sadness,0.9203743983144815,True
i feel particularly uncomfortable with how much a driver is looking down on the phone i shout eyes on the prize,Fear,Joy,0.3769671446762312,False
ive left the orange scented mixture white but feel free to color it if you wish,Joy,Joy,0.812893973339792,True
i always appreciate them and please feel free to become a follower and come back and visit again soon,Joy,Joy,0.9767355686207883,True
i left feeling satisfied that donna knew what she was doing and i was in capable hands,Joy,Joy,0.8967292272052235,True
i started feeling uncomfortable around my straight male friends particularly after one of them drunkenly came on to me grabbing at my waist while he attempted to murmur sweet nothings in my ear at a party that same week,Fear,Fear,0.6223044804415124,True
i feel uncomfortable here,Fear,Fear,0.9933101422598853,True
i could have done more but i was feeling a pleasant tiredness and had a good sweat going so i stopped at that,Joy,Joy,0.53799072148721,True
i don t feel the least bit unwelcome in my party and my views are not uncommon,Sadness,Sadness,0.9113009875263481,True
i feel like im super rich kinda like when i could drink goldschlager haha,Joy,Joy,0.9672289017269384,True
i feel its rude to say he is better than all the other men,Anger,Anger,0.972882869974661,True
i feel accepted because of my condition,Love,Joy,0.41809643388595935,False
i didn t and still don t feel lucky though,Joy,Joy,0.9693651416482252,True
i managed to re learn feeling insecure again,Fear,Fear,0.9811550756914282,True
i mean the idea is intoxicating of course and it feels amazing when its happening but what happens in the morning when you wake up and you have to go to work and so amp so is all up in your shit about something that is completely impractical,Surprise,Joy,0.3162229404008198,False
i am on so many social networks right now and sometimes i feel like that i am pretty talked out,Joy,Joy,0.26188716401700085,True
i feel like i should have some sort of rockstar razzle dazzle lifestyle but i would at least like to spend a third of my life doing something i feel is worthwhile,Joy,Joy,0.9364080065278145,True
i feel agitated a lot im straddling articulacy and incoherence,Anger,Anger,0.597945366686501,True
i start to feel a little overwhelmed knowing i have to make still,Surprise,Surprise,0.47010205342054895,True
i don t know about you but sometimes i feel that the world is troubled deeply pathologically troubled,Sadness,Sadness,0.9273986721504794,True
i feel like they bring the characters to life completely and i m always kind of surprised what the actors do do together,Surprise,Surprise,0.5772122352170059,True
i felt confused me sometimes that makes me feel useless,Sadness,Sadness,0.9603012010435416,True
i am left feeling heartbroken about losing that child and then guilty because my parenting and wife ing has been so far below par for the last months,Sadness,Sadness,0.9916334027417574,True
i noticed that i was feeling very stressed and anxious and i just couldnt quite put my finger on why,Anger,Fear,0.421936961741331,False
i never been feel this ashame this humiliated in life,Sadness,Sadness,0.9961026275011926,True
i exist for does my existence even mean anything to anyone apart from my family i always wonder about my existence and the fuck now i feel so dumb ive never thought about the purpose of it,Sadness,Sadness,0.8078753073767874,True
i start working full time next week where i m currently at and i m feeling a bit ungrateful at the moment,Sadness,Sadness,0.6402333618468634,True
i have learned how much more like a neighbourhood this place feels the humans with dogs have been very sympathetic and understand my quixotic need to walk a dog to walk period,Love,Love,0.7371743808182766,True
i remain hopeful that the feeling i have is actually excitement a long missed friend,Sadness,Joy,0.7528989835103177,False
i want to be healthy and happy so badly that the fact that i am healing and without my leg is making me feel useless not empty,Sadness,Sadness,0.9582943269041753,True
i got off the phone feeling numb,Sadness,Sadness,0.9151274484168727,True
i was also feeling the ole restless leg syndrome as i shifted back and forth between legs trying to do something with my excess energy that just hit me,Fear,Fear,0.5286986047552621,True
i feel much lighter clearer and more energetic,Joy,Joy,0.9730234991760233,True
i feel heartless even though my heart hurts,Anger,Anger,0.9160889971995905,True
i feel like my efforts are all in vain and continuing to pursue them will only embarrass me down the road,Sadness,Sadness,0.7654038570314675,True
i started feeling a little funny but this was not anxiety but at the time i didnt know so i started to tell my brother man i dont feel good and he said whats wrong i said i dont know but u better drive so i pulled over and let him drive,Surprise,Surprise,0.3608304631063797,True
i feel so much boring with my straight hair for all over years haha,Sadness,Sadness,0.43890382073918643,True
i feel rotten but no amount of suggesting that losing a sense of smell is a terribly disorientating experience for a wine person seems to convince people that i might not actually live to feel good again,Sadness,Sadness,0.47219602399726346,True
i got home and told peter how i was feeling he wasnt shocked at all by what i was telling him,Surprise,Surprise,0.7158097714083643,True
ive come to feel about a supporting character in one of my all time favorite films giant,Joy,Love,0.44850741878476785,False
i could almost feel her gentle touch in the moonbeam she sent to shine over me he added touching his face dreamily,Love,Love,0.9049548293267317,True
i either have to feel submissive and as such agree to taking pain for someone or there has to not be an option presented,Sadness,Sadness,0.9672129617488384,True
i was really struggling to run with the discomfort i was feeling but was determined to continue as the crowds on the bridge are massive and i didnt want to be one of the first people they saw walking or stopping,Joy,Joy,0.6886959567014569,True
i feel like this beats out just about any popular high end foundation on the market at either ulta or sephora,Joy,Joy,0.6924024263193913,True
i just was expressing myself and her unexpected and kind gesture made me feel bad for a short moment as that was not my intent but for a larger moment which remains with me it reminded me of my blessings like having good friends that have your back,Sadness,Sadness,0.44426737969944546,True
i hated that i have to work everyday with no days off for the next two weeks i dont like my jobs and i feel unsuccessful when i talk to other people about them,Sadness,Sadness,0.6777031897785246,True
i have to keep fighting for my life until i truly run out of fight and i ve been close enough to that twice to know a bit about what it feels like and we re not there yet no matter how despairing all this feels,Sadness,Joy,0.3448368373655497,False
i just feel troubled,Sadness,Sadness,0.9997269502722342,True
i like doing reviews and i got this from target a few days ago so i feel its acceptable to review this for all you makeup lovers,Joy,Joy,0.8496173376831129,True
i feel like i have devoted myself to doing what i can to reduce my impact on the environment she wrote in her blog babsbrisbane,Love,Love,0.4067528227680035,True
i feel quite pleased with these little bits of news so i will celebrate tonight with a meet the brewer event hawkshead with some of my members in one of my newest pubs,Joy,Joy,0.8676400359860501,True
i woke up i feel thankful to god for giving me another day to go on,Joy,Joy,0.9486653509373565,True
i feel like it is so important for me to publicly bless my virus,Joy,Joy,0.7265705361305237,True
i feel thrilled that by the end of the month this round will be completed and i can begin to recover,Joy,Joy,0.918695546595975,True
i wish there were more times when she just needed me to hold her and rock her to sleep because those are the moments when i feel most successful as father those times when im able to meet all of her needs just by being there for her,Joy,Joy,0.861669761429176,True
im really not taking in information lately it could explain why ive been feeling sort of discontent lately,Sadness,Sadness,0.834411097112084,True
i exactly feel whenever i feel lonely or depressed and then i pray to him for help and guidance a href http,Sadness,Sadness,0.866092165078873,True
i must say i don t consider my family broken nor do i feel any discontent about not having a father around,Sadness,Sadness,0.9456095306025649,True
im feeling a little dirty,Sadness,Sadness,0.9159195034286527,True
i feel so relieved and happy to realize what is being said,Joy,Joy,0.9800843507115133,True
i mean is that when we are true to ourselves and our style and we see a reflection we like in the mirror all of the ugliness in society that is there to make us feel ugly or inadequate based on our looks suddenly becomes completely annulled,Sadness,Sadness,0.9752644411071087,True
i do not feel assured,Joy,Joy,0.9987393336891333,True
i feel i m handling it well and i m enjoying it he said,Joy,Joy,0.5165666011464274,True
im not feeling the jolly this year though,Joy,Joy,0.989216312689189,True
i feel special excitement and happiness,Joy,Joy,0.9855914499585932,True
i reckon you need to stop feeling bitter and be realistic,Anger,Anger,0.9369892055802759,True
i got a great pump and halfway through the workout i started to feel fantastic,Joy,Joy,0.975164301697923,True
i stay the more distanced from others i feel it is strange because i sometimes feel like a new friendship is growing or forming,Surprise,Surprise,0.2348221385453519,True
i leave something sometimes i throw some change in the tip jar other times i dont leave anything but i feel rude doing that haha,Anger,Anger,0.7372085369258177,True
im far ahead than the released tankouban that are sold here it just wont be the same anymore and the wait wont be as thrilling but damn me if i even feel slightly remorseful for that,Sadness,Sadness,0.7087936585557325,True
i get paid too much because i get so many deliveries at work im feeling a bit shamed so will curb the spending for a bit,Sadness,Sadness,0.5959347285604112,True
i feel bad knocking show down this far but i didnt see smackdown this week and i cant just assume he carried the show like he does every week daniel bryan doesnt appear on it,Sadness,Sadness,0.3856742710434762,True
i feel happy about the outcome of this long election and im glad its over,Joy,Joy,0.88014661883425,True
i just feel like im going no where and that the period of time where i was so very much enthralled with life and the options it proposed is now over,Surprise,Surprise,0.43986923708804904,True
i could maybe get away with simpler folk melodies on some of the songs something fairly predictable but if its just me and a guitar it would end up feeling dull,Sadness,Sadness,0.5492985171672177,True
i dont like christmas because i feel like it has lost its meaning,Sadness,Sadness,0.55376197401504,True
i feel less alone,Sadness,Sadness,0.6709571133573333,True
i feel they are one of the most talented teams in the nfl but for some reason people feel like there s nothing to really fear against them,Joy,Joy,0.6803890399128564,True
i feel the hearts decision to stop caring can it be reversed,Love,Love,0.802953491222783,True
i have a feeling itll be a little more messy going home though,Sadness,Sadness,0.8540420185332901,True
i feel welcomed into the barn like a son coming home,Joy,Joy,0.9721190458021621,True
i wish i had the right language to convey the simultaneous feelings of excitement peaceful enjoyment of country cycling but also being out of my element,Joy,Joy,0.842092598894869,True
i feel there is no excuse for lame invitations,Sadness,Sadness,0.7077635740206586,True
i did feel for him as its horrible and expensive when it happens,Sadness,Sadness,0.906229222546868,True
i also got some very nice condiment type pressies whilst at our local garden centre today so i am feeling that i have achieved something towards the festive season,Joy,Joy,0.9105178821542346,True
i am waking up in the middle of the night again with aches and pains and generally feeling grumpy,Anger,Anger,0.720924398955534,True
i don t feel betrayed coz the backstabber had no grounds for their accusation but i m just amazed at some people s ability to do such things,Surprise,Surprise,0.686322744701233,True
i first started reading city of dark magic i thought it would be a challenge to actually enjoy it since i felt like the content about famous classical music was over my head but luckily after plowing through the first chapter i became more confident and started feeling less dumb,Sadness,Joy,0.8514942826071737,False
im not constantly horny or always feeling playful,Joy,Joy,0.6087827001935602,True
i feel more shy in swedish,Fear,Fear,0.9952228973669492,True
ill let myself shed a few tears and feel bitter confused frustrated and hurt for the last time,Anger,Anger,0.9207855451526539,True
i encourage you next time youre feeling a little uncomfortable do your best to embrace it,Fear,Fear,0.4620525296346052,True
i feel useless a href http juliemadblogger,Sadness,Sadness,0.9947309481146488,True
i feel like the crows and roosters will be teamed up with the horses and go against the bulls sharks and other monsters that are trying to take over of cool ranch,Joy,Joy,0.5873850513105643,True
i am not scared to let myself feel deeply many people are too frightened to let themselves div style clearboth padding bottom,Fear,Fear,0.7782443792104294,True
i still feel too chub to wear the cute summer clothes i had dreamed of,Joy,Joy,0.8411771439823521,True
i feel rotten my feet still swell up and after i eat i feel bad and the more i eat i feel bad,Sadness,Sadness,0.9952623568184261,True
i feel it is acceptable as this is not everyday food,Joy,Joy,0.9781412658593459,True
i was lucky enough to feel and squeeze myself to a win in another festive challenge which involved a box full of items that we had to identify by blindly fondling through a hole,Joy,Joy,0.9492852738370042,True
im feeling very uncertain about my future,Fear,Fear,0.9979514237659466,True
i feel like i m not pretty smart interesting enough for my boyfriend and that he would feel more stimulated or happy with someone else,Joy,Joy,0.8473675137574403,True
i feel is that the most likeable characters aren t important enough to the plot,Joy,Joy,0.8495239953211282,True
i like in this world and making a list of them always makes me feel joyful,Joy,Joy,0.98100750215378,True
i feel very saddened that the king whom i once quite respected as far as monarchs go was ineffectual at best,Joy,Joy,0.6401089851574808,True
i feel more energetic,Joy,Joy,0.9998653359034709,True
i feel very honored in how much he has shared and expressed with me and that he trusts me,Joy,Joy,0.9806380354789427,True
i feel this strange sort of liberation,Surprise,Fear,0.5572919477353921,False
i just feel that if i end our marriage he deserves a truthful explanation,Joy,Joy,0.5507148466000998,True
i feel so weird and scattered with all wonders about a million different things,Surprise,Fear,0.5060987819029028,False
i feel as though most people will find it quite pleasant,Joy,Joy,0.9373093613286809,True
i believe that with our minds focused on the daily rat race our bodies simply forget how to feel vital and free a classic case of you lose what you dont use,Joy,Joy,0.903160487426794,True
i still wake up feeling suspicious,Fear,Fear,0.9969667223881907,True
i feel a little hesitant to leave this time,Fear,Fear,0.9953285137535524,True
i typed up all my blood pressures for the month but i have a feeling hes not going to be too pleased with the lack of missing information,Joy,Joy,0.64834471664241,True
i feel so disgusted when i see blood and feel like faiting and also when people eat raw meat in front of me,Anger,Anger,0.8791666695274609,True
im always feeling so agitated overly excited and impatient to those who are close to me,Anger,Anger,0.8622633361547812,True
i am now feeling delighted but daunted,Joy,Joy,0.9777728791163286,True
i feel ashamed to type all this,Sadness,Sadness,0.9985089013844267,True
i just notice what i am doing that is ruining my happy moment because this feelingof discontent is my resistance to receiving love in the genuine way its being delivered,Sadness,Sadness,0.41959220580703704,True
i admire her and feel like even though shes gorgeous and talented she hasnt succumbed to the hollywood pressures like a lot of a listers have,Joy,Joy,0.9443513457151538,True
i don t have a schedule or childhood friends and feel a little timid about just getting out there by myself,Fear,Fear,0.8085128439989538,True
i feel empty inside not surprising considering i havent eaten all day,Sadness,Sadness,0.9250787419826462,True
at a party i met a girl who drew me to her,Anger,Love,0.20781525887653265,False
i always make things harder which im not going to lie i sometimes have a way of complicating the very simple however a new baby is a pretty big undertaking and from this comment and many many others i feel like he sees himself as being disturbed very little,Sadness,Sadness,0.43923118982410997,True
i have a feeling that its too sociable,Joy,Joy,0.9972524544984982,True
i do feel discouraged by what my supervisor said,Sadness,Sadness,0.9987518197649424,True
i was sitting in class feeling somehow disturbed,Sadness,Sadness,0.813419018179153,True
i continue to write this i feel more and more distraught,Fear,Fear,0.9889611458206554,True
i start to feel lethargic about blogging,Sadness,Sadness,0.9983853492609746,True
i that it feels like she is being tortured,Fear,Fear,0.46933178225149896,True
i was wasting my life away going out with one person after another to find love feeling shitty and anti social about my polytechnic life i met this guy,Sadness,Sadness,0.9289230263281079,True
i get of oz is the occassional viewings of home and away and even a bit of neighbours if im feeling really tragic,Sadness,Sadness,0.4364370588738388,True
i thought i would grumpily curse the world and remain angry about oh i don t even really know sometimes it feels like i m angry about absolutely everything,Anger,Anger,0.6473330290070249,True
im not condoning terrorist action but you feel so furious and powerless,Anger,Anger,0.952960937104356,True
i just finished watching a korean drama secret garden omg and am feeling the way girls do after such shows a mixture of hope and a little tug of truth that says those romantic gestures only exist in films,Love,Love,0.3946347127973674,True
i am feeling stronger recharged and excited to get back into my runs,Joy,Joy,0.7839964041601256,True
i do think that if a husband feels greatly respected by his wife that will draw him to her and make it much less likely that he would want to flirt with other women,Joy,Joy,0.421267150248084,True
im feeling very disturbed by tons of things,Sadness,Sadness,0.996935917756862,True
i do feel apprehensive and nervous at times about how i am performing with my modules,Fear,Fear,0.9993875950994544,True
i feel a bit dazed but so excited i am going to be so protective she is not going to be let out until she is,Surprise,Surprise,0.751266229925254,True
im gestating one and feeling pretty thrilled about that,Joy,Joy,0.8362101796582122,True
i know it can take weeks for a book to go free on amazon and barnes amp noble and in this age where cents can buy a full length ebook i feel a little funny charging even cents for a work that is almost certain to be under pages possibly under,Surprise,Joy,0.5111344973411357,False
i feel terrific in every one of them,Joy,Joy,0.9733207502714675,True
i aspire to capture the manner in which i feel this tension is resolved and why austere and introspective training still has a place alongside study of the method at euskc,Joy,Joy,0.9263107682880367,True
i had a ton of fun at the thrift store and i feel like i got some really useful pieces and i can get in on current trends for cheap,Joy,Joy,0.7725250500963279,True
i find myself feeling anxious and unsure,Fear,Fear,0.99875179160472,True
i honestly wish christmas was celebrated in the summer because i feel like i tend not be as jolly as i wish i could be,Joy,Joy,0.7852121419199677,True
ive blogged and i feel strange about it,Surprise,Fear,0.5984101215294884,False
i guess it comes from believing that when i was younger anger was not a feeling that was acceptable so i tried not to have it,Joy,Joy,0.4270352847560402,True
i am pleased to report that i in many ways i am feeling well,Joy,Joy,0.906360215718347,True
i have now and feeling like people think it means im just ok and dont need to talk about jeremy anymore,Joy,Joy,0.28880198985207406,True
im also still feeling whiney as hell so its possible i could rant a bit today,Sadness,Sadness,0.6832891424496681,True
i still do feel left out i do feel like the most hated kid in the asian crew,Anger,Anger,0.3145394071956749,True
i feel like a greedy pig catching up to do lt bc afterward yay im gna get my delicious chocolates and in exchange zjs gna get bai tu tang from me,Anger,Anger,0.6872297329581768,True
i know what it feels like to be scared into something,Fear,Fear,0.7090199169589652,True
i started to feel so overwhelmed,Fear,Fear,0.47735240398688344,True
i feel slytherin is my house slytherin is for those who are smart enough to know how to get the job done and at any cost,Joy,Joy,0.7791873201079149,True
i didnt react with the way that i really feel im ecstatic for your marriage to tonks,Joy,Joy,0.9614641977943865,True
im not feeling pressured to perform athletic moves in order to stay on the field,Fear,Fear,0.8412106169464665,True
i feel unfortunate that i dont have a lot of time to spend with my family,Sadness,Sadness,0.9864557835255072,True
i can imagine most young people might feel resentful about the attention their sibling was getting while also feeling guilt at the same time,Anger,Anger,0.9080473138419822,True
i don t really know the oldest one very well and his mothering mother seems to feel that he is not sweet,Joy,Love,0.29221089295818653,False
i feel as though were giving too many details about unimportant things like chriss mundane life and left out on other details like more character depth especially with secondary characters,Sadness,Sadness,0.5496989189300453,True
i know she shes the only one who provides income to my family right now but it feels like shes putting it up in our face that shes supporting us,Joy,Joy,0.4243960238541317,True
i feel like i m superior to the human race rel bookmark permalink,Joy,Joy,0.8947590800333026,True
i feel more assured having made my peace with atheism,Joy,Joy,0.9937686288788553,True
i just want to feel loved by you,Love,Love,0.9181350216613527,True
i only talk about how people make me feel and the only people i talk about are the ones that make me feel unhappy upset nervous or angry,Sadness,Sadness,0.6143191115693906,True
i to feel defeated,Sadness,Sadness,0.9998894967999308,True
im feeling more lively than yesterday still not sure about food though,Joy,Joy,0.9007414283914461,True
i also baked enough cookies to take to my local bbw tomorrow night i feel so bad for the employees who have to work,Sadness,Sadness,0.561546474489024,True
i feel slightly unfortunate in the sense that the calendar year wasn t a great year for the systems if i m honest,Sadness,Sadness,0.8075478469605009,True
i met my ex briefly just to catch up because he was leaving for sarawak lololol it was good seeing him again and now i feel so awkward typing this,Sadness,Sadness,0.8660898970521039,True
i considered jogging since it is not too cold today but decided against it as my right ankle is already feeling tender for some reason,Love,Love,0.6662804281492009,True
im feeling so embarrassed frightened that i wouldve smashed the window and slid in dukes of hazzard style if it would get garage man to stop glaring at me,Sadness,Sadness,0.519756235911232,True
im feeling my way often blindly from the carefree days of youth into the uncharted waters of maturity aka the midlife crisis here i explore transformation via one of my favorite things the tracy anderson method,Joy,Joy,0.8801265096320882,True
i feel like the leadership training was a perfect vision of what god wants missionary work to be now,Joy,Joy,0.49944030649273063,True
i was studying i always had the feeling that the process was unpleasant but it was absolutely necessary,Sadness,Sadness,0.6716935075199343,True
im feeling really outgoing and i get with a really quiet person and i try to make them feel comfortable,Joy,Joy,0.9339461956715118,True
i feel guilt that i should be more caring and im not,Love,Love,0.6252803472889747,True
i feel that he is gazing me and giving a naughty smile encouraging me to study more,Love,Love,0.9067440742062882,True
i was feeling fairly keen,Joy,Joy,0.9667986942648474,True
i feel threatened when other people do not believe that,Fear,Fear,0.9881925266086051,True
i feel like im better amp able to do things it comes back,Joy,Joy,0.5501524643829266,True
i am feeling currently but as with anything when it s all resolved feelings will change,Joy,Joy,0.9385747449219095,True
i am feeling the self hate going or when i find myself feeling hateful of someone else all i have to do to feel the power and compassion of spirit once more is by remembering i am a spiritual being,Anger,Anger,0.5843419543212593,True
i feel i am appreciative i take care of the baby i try to keep the apt clean as much as possible and i try not to call him a million times to find out when hell be home it varies from day to day as he is sort of self employed so its hard to plan things around his schedule,Joy,Joy,0.453760269917355,True
im just feeling emo and bitchy atm,Anger,Anger,0.9844041590517345,True
i was afraid of water when i was young people feel afraid of death because they have never experienced it,Fear,Fear,0.9055518831240538,True
i dare myself to do the following when i m feeling brave enough,Joy,Joy,0.987918916454867,True
i feel eager to do well and i feel like ive got more titles in me he concluded ominously,Joy,Joy,0.9847381034988354,True
im looking at the stress levels im feeling and not loving how concentrated they are because of my mindset of planning a wedding in four months,Love,Love,0.6279365850301922,True
im feeling quite positive in what i want to achieve,Joy,Joy,0.8706990560547037,True
i have a family i can feel passionate about and completely comfortable with,Joy,Joy,0.5357087939274789,True
i feel that this is for others to decide hellip i m delighted that fans of my paintings will now be able to see a body of work of which i m very proud,Joy,Joy,0.9158072274107489,True
ive never done a detox or cleanse before and i really had no desire to i feel like cleanses cycle around and become popular every couple of years and id pretty much written them off,Joy,Joy,0.6711953105052516,True
i came to utah freaking out about not knowing what i was doing with my life feeling less worthwhile because of not going on a mission like every other girl and just being stressed by the daily stresses my life has lovingly given me,Joy,Joy,0.5794639346671281,True
i am feeling very indecisive and spontaneous,Fear,Fear,0.9915578052217681,True
i feel beaten down and i feel void,Sadness,Sadness,0.9982507972890815,True
i feel like resolutions are boring and cliche,Sadness,Sadness,0.692583001573034,True
i feel pressured to do well and i fe,Fear,Fear,0.9955434221006392,True
im feeling rotten and pretending it just aint so,Sadness,Sadness,0.9832750532801071,True
im feeling excited about it,Joy,Joy,0.980866605697424,True
ive been feeling delicate this week,Love,Love,0.9731017040310419,True
i feel it is very rude and ingorant,Anger,Anger,0.9960147773142795,True
i can begin to see a first step and suddenly life does not feel so despairing,Sadness,Sadness,0.24051879421989236,True
i had a feeling that he would be the one eliminated but wasn t completely convinced his cooking skillz were da bomb yes i m whipping out the early s lingo,Joy,Joy,0.8366059420485263,True
i feel stupid enough,Sadness,Sadness,0.9825017366716702,True
i begin to sense how these characters are feeling the heartbreaks theyre suffering or have suffered already,Sadness,Sadness,0.726857774439937,True
i feel completely rude with not keeping up with some of you over the course of the year but it has been a mightily busy one,Anger,Anger,0.46158914299884285,True
i walked to school he felt the bounce in his step the overjoyed feelings of youth and the thrill of excitement of coming to school and meeting his beloved friends,Love,Joy,0.429668906513551,False
i am up and ready to read read read today even though im feeling very groggy this morning,Sadness,Sadness,0.9767395039033134,True
i just cant help but feel like i must protect this innocent being,Joy,Joy,0.8276334023325451,True
i feel his gracious presence even now,Joy,Joy,0.6055095325752343,True
i was like should i feel sweet or feel offended,Love,Anger,0.9926885233526007,False
i cannot even begin to express in words the depth of sorrow that i feel having not posted any of my ludicrous rants over the passed days,Surprise,Sadness,0.8001623687338172,False
this monday i took a math bs test and flunked for the second time,Sadness,Sadness,0.345039711935316,True
i still feel a little weird and uncertain,Fear,Fear,0.9374132717271098,True
i wanna feel that gorgeous body a yers underneath me next time i m fuckin ya alex took a deep breath and her eyes seemed to glow while she imagined the scenario in her mind a scene she had pictured many times before,Joy,Joy,0.6488997070324706,True
i guess its because i feel like if im too passionate about something it will get taken away from me,Love,Love,0.33650777685242456,True
im not sure but theres nothing that will get a person feeling amorous faster than a stay in a hotel,Love,Love,0.4998465232850031,True
i feel makes the perfect duo,Joy,Joy,0.6997113150053157,True
i feel any better,Joy,Joy,0.7960565042149215,True
im lucky enough in life to meet someone who makes me feel safe happy secure and loved i feel theres no reason to wait,Joy,Joy,0.9554081259747089,True
i would feel productive,Joy,Joy,0.9974339891530293,True
im not feeling jolly in the least,Joy,Joy,0.9917450981939935,True
i miss not feeling exhausted after being outside in the heat for minutes,Sadness,Sadness,0.9789036465542972,True
i didn t think it was possible to make a cover that expressed the personality of the novel since it s a strange cross genre story but the photo that was found nails the heart of the book so closely that i feel a bit stunned,Surprise,Surprise,0.7102801293031105,True
i sure would love to stop feeling so horny all the time,Love,Love,0.9820750407253257,True
i appreciate how clean their lifestyles are even though i admit there were a few moments where the complete aversion to substances sex made me feel a little repressed,Sadness,Sadness,0.3110150171244275,True
i have come from the summer time and feeling like coach hated me,Anger,Sadness,0.2343968623959439,False
i find myself feeling paranoid that something is going to ruin what could only be described as my fairy tale love affair,Fear,Fear,0.8902087425973504,True
i cannot explain why but i need to say please understand my feeling i have heart and im not a heartless person,Anger,Anger,0.7282809180121143,True
i take photos of but i suppose since i feel i am least talented in the area of portraiture i most admire that ability in others,Joy,Joy,0.7707281267514566,True
i am very sad you feel distracted but i am not participating in the relationship you think we have,Anger,Anger,0.9084607946558863,True
i just keep on feeling blessed,Love,Joy,0.3776469683087605,False
i think also i have changed obviously i am making more effort to go to things and make friends i feel less shy and less bothered about peoples judgement of my appearance,Fear,Anger,0.6353578480554255,False
i can tell my arms and hands feel weaker and they feel more numb and tingly at night when i wake up,Sadness,Sadness,0.8435479392705955,True
i almost feel too stubborn to come back as i said that i was leaving,Anger,Anger,0.956602867069247,True
i feel like i am actually a creative person now,Joy,Joy,0.8281833551348906,True
i am feeling pretty excited about this,Joy,Joy,0.8462001557243266,True
i feel more optimistic about everything than i have in a long time,Joy,Joy,0.9967605009062336,True
im feeling very doubtful about the necessity of that big coat,Fear,Fear,0.9451664928942534,True
i am feeling joyful every part of me feels happy and light and whimsical,Joy,Joy,0.9931354208219547,True
i feel so relaxed and happy when im in the water,Joy,Joy,0.9973595689967356,True
i never draw on both sides of the pages and like to know i can add to drawings when i feel like it rather than feeling pressured that they have to be finished all in one go,Fear,Fear,0.6636026626547011,True
i think ive just been feeling a little bothered,Anger,Anger,0.7133208879590218,True
i wasnt very interested in it but it evoked the feeling of an earth grittily doomed by aliens quite well,Sadness,Sadness,0.5932863335930526,True
i agree even though when i feel discouraged i like to go to places with lots of color because they make me feel better,Sadness,Sadness,0.9156295038589553,True
i feel like i am the world for this boy and im glad that for a time i can be that for him,Joy,Joy,0.5766231935412296,True
i don t know about you but i m feeling amp blessed,Joy,Love,0.2724340224799465,False
im feeling fab thank you so very much for asking,Joy,Joy,0.9314267481961747,True
i should pull out if i feel resentful or edgy,Anger,Anger,0.9970327954338871,True
i li pouring down in the corner under the moonlight shines on his face i saw his pale face and mouth with half closed eyes bear people feel more distressed,Fear,Fear,0.6410254302673415,True
i feel a little scared about this because it is new to me and i have a lot to learn but im sure everything is going to be fine and we can do this together,Fear,Fear,0.3775090681982221,True
i was wondering if you will focus on the problems because any way you are not care for themselves when complaining or feeling needy,Sadness,Sadness,0.9110628304508384,True
i feel like im being really needy,Sadness,Sadness,0.9491456721445723,True
i just feel greedy and lame making one,Anger,Anger,0.9926768252047158,True
i see the look of doubt on your face i feel the scorn in your eyes but for anyone skeptical of grits dinner grits please see this as a totally amazing sister to mashed potatoes,Fear,Fear,0.5773806783678624,True
i get the feeling that this could be dangerous,Anger,Anger,0.9697887329098751,True
i randomly heard this and ever since then watching the video has been a delight and the music just makes me feel as jolly in reference,Joy,Joy,0.8748018375489999,True
i feel satisfied that ive made the cut off you can only receive overflow money from stsm if you are over and i told myself that im just going to wait for the overflow instead of trying to hit and help my team,Joy,Joy,0.9085116174752048,True
i rarely feel happily joyful and dont walk about smiling much,Joy,Joy,0.8758476690200414,True
i hurt your feelings and for that i am sorry,Sadness,Sadness,0.9652141816427784,True
i felt a stronger wish to be free from self cherishing through my refuge practice and a return to the feeling of freedom and protection from suffering which i stayed with for the rest of the meditation,Sadness,Joy,0.48467740364375395,False
i stand in front of mansoor s works i feel obviously that the artistic intention is not to raise the already raised questions of structural linguistics and the deconstructionist clamours that followed it,Joy,Joy,0.7904139861084977,True
i feel like they are more boring to paint than a bunch of fruit,Sadness,Sadness,0.6998361179790805,True
i would do almost anything to have that feeling back and those days back they were carefree and wonderful and now everything in my life is just so complicated,Joy,Joy,0.9376536148714834,True
i feel anger i feel sad i feel joy and i feel other emotions too but will stick to a few,Sadness,Sadness,0.6544050186946385,True
i set aside that feeling and happily helped them now that every thing was been normalized and the students had liked me they change my schedule and i am just forgotten to oblivion,Love,Sadness,0.2589488306330992,False
i wonder if i feel under nurtured or needy,Sadness,Sadness,0.7635250200340102,True
id ever known so i figured it was normal for me to feel ugly dumb and weird,Sadness,Sadness,0.9923362143806945,True
i stopped feeling a little awkward,Sadness,Sadness,0.9657459467152418,True
i guess no matter how much i think im feeling ok im as nervous as hell on the inside about the scan revealing something i dont want to know again,Joy,Fear,0.8301254284265805,False
i began to feel a little anxious about may almost being over as obviously time is running out amp to be honest im just plumb out of excuses,Fear,Fear,0.5515945856974561,True
i feel less frightened and more grounded and centered,Fear,Fear,0.9348843119893397,True
i would like to take the opportunity to describe one day this week when i was feeling particularly gloomy,Sadness,Sadness,0.8039867130981574,True
i could feel how much slower i was on the treadmill but the pace was pleasant and after six days of relative inactivity i was just happy to be running again,Joy,Joy,0.7268727387245205,True
i feel so weird but i guess kind of happy,Fear,Fear,0.4151754347824495,True
im tired of feeling unhappy about things and unmotivated,Sadness,Sadness,0.9987388846446383,True
im feeling generous so there you go with that golden nugget,Joy,Joy,0.5165515035903226,True
i could feel productive during his treatment,Joy,Joy,0.9886502612091258,True
i am doing this and makes me feel more determined to give it some effort and dig deep when im feeling the pain,Joy,Joy,0.9364540043007767,True
i might hold a sense of satisfaction at feeling superior and giving advice,Joy,Joy,0.9870063815413549,True
i wanted to skate fast wanted to try everything just to see the difference in feel which was amazing,Surprise,Surprise,0.2818785526990386,True
i did not want to feel rushed through the program,Anger,Anger,0.9713232275933522,True
i would really love to be with him but not as a friend and not because he feels guilty or sorry for me,Sadness,Sadness,0.9796429522137432,True
i do think gt that for those who desire privacy and the camp out feel they would be gt terrific,Joy,Joy,0.8759409180470275,True
i cant feel dont turn your back on me i wont be ignored time wont heal dont turn your back on me i wont be ignored,Sadness,Sadness,0.8661064639796237,True
i was younger i used to feel homesick,Sadness,Sadness,0.9943875380543773,True
i rarely respond to the comments made unless i have what i feel is a very important and specific reason for doing so,Joy,Joy,0.6632474240740097,True
i feel tender when i have not done anything,Love,Love,0.962718658100735,True
i never feel like anythings getting resolved with my counseling so i just drift away,Joy,Joy,0.9454954525428461,True
i swear and i mean this if the browns fail me tomorrow night and make me feel like an idiot for not trusting my gut feeling that they are going to lose tomorrow i m not picking them to win again all season,Joy,Joy,0.6333472579535224,True
im feeling generous this week,Joy,Joy,0.4773491976706038,True
i left the theater feeling sad and alone the sudden realization of my own fleeting mortality weighing down each and every step,Sadness,Sadness,0.6802484203682183,True
i am definitely feeling the effects of the progesterone in two ways my breasts are tender and i m tired,Love,Love,0.6475893353194374,True
i will try and stay focused in order to avoid that feeling of a reluctant finish,Fear,Fear,0.9536720725829332,True
i never know how to talk to people after shows i always feel a bit dazed so i hope they didnt think i was rude,Surprise,Surprise,0.6927023871894699,True
i feel that this experience has convinced me all the more that we need prayer for our country,Joy,Joy,0.91440828699669,True
i seek out pain to feel tortured just to feel something,Fear,Anger,0.4112081951705596,False
im feeling optimistic to finish out these last two weeks strong and probably continue with what i have been doing,Joy,Joy,0.9928274420907907,True
i already feel he is using us it feels weird because i havent even done anything there yet but i feel it coming like ministry coming at me,Fear,Fear,0.28265468863099047,True
i did not care much about the number of viewers and the viewer ratings before but as the drama iris gained huge success i began to feel greedy,Anger,Anger,0.8929029678939302,True
i realize how much my little family leans on me and it felt so overwhelming and i feel so inadequate,Sadness,Sadness,0.9684453799739777,True
im feeling just a little bit pleased with myself,Joy,Joy,0.7539677504503438,True
ive also been for a run which im feeling particularly virtuous about,Joy,Joy,0.9789316359388036,True
i am no longer even remotely ok with my body and i feel ugly to the person who swore to love me,Sadness,Sadness,0.9120706018684394,True
i did feel things it was often just repressed fear and anxiety and distrust,Sadness,Sadness,0.49806310201381476,True
i just feel tender,Love,Love,0.99823372752537,True
i think one of the most important things is not to allow anything at all to make you feel fearful because fear and any of the other negative emotions pull down your vibration,Fear,Fear,0.695109192698321,True
i made my way to class feeling a sense of fond connection with childhood only to discover i was without supplies which stirred other memories,Love,Love,0.6625218498916556,True
i really feel and i know the devil hates that its always been something he could use against me and im determined not to let him,Joy,Joy,0.6442264114731691,True
i feel for them when things happen and i get excited when things work out well for them,Joy,Joy,0.5394229837083049,True
i am feeling ok for my biostatistics course by my physiology course will be touchy,Joy,Joy,0.5139623007183953,True
i feel that they ignored the systemic nature of a pattern of sexual abuse and mishandling of reports of sexual abuse in the service of understandably wishing to defend and protect a friend and his reputation,Sadness,Sadness,0.8568240299546906,True
i feel like i am doomed to a life of sleep obsession,Sadness,Sadness,0.9834717751758858,True
i have had moments of feeling silently offended by egyptian youngsters who identified as egyptian even if they were born in the us labeling me as a white person even though they were in many ways more assimilated than me,Anger,Anger,0.6525773819700581,True
i feel shocked that you d stoup to destinys child b,Surprise,Surprise,0.9891616351232401,True
i feel the need to explain myself and my thoughts in ways that are clever funny or maybe even insightful,Joy,Joy,0.686822486654028,True
i would suggest volunteering to help people in need such as at the salvation army when you help others you learn to appreciate what you still have and feel worthwhile,Joy,Joy,0.9730508837882387,True
i managed however to relax and enjoy the scenery feeling romantic and thoroughly enjoying our th anniversary cruise,Love,Love,0.8227071044467579,True
i sometimes feel like a damaged product,Sadness,Sadness,0.947231271633446,True
i woke up feeling fine,Joy,Joy,0.8465805118595693,True
i feel impatient with brian s prolonged assertion of his alien encounter but nobody other than the victim could truly relate to repercussion of being molested,Anger,Anger,0.843154051422701,True
i can cope with his presence without feeling distressed if i can force myself into a quiet and resigned friendship,Fear,Fear,0.4923908104947304,True
i wasn t feeling well but no specific issue,Joy,Joy,0.8695785791979974,True
i feel like an ungrateful ass a href http thisisntcuteanymore,Sadness,Sadness,0.9718654936051294,True
i love how my customers leave the studio looking automatically refreshed and radiant and now with the product line everyone can feel gorgeous and confident,Joy,Joy,0.9955723824596978,True
i feel they are frightened of fats,Fear,Fear,0.9982709202117083,True
i gotta say i m feeling a little slutty here,Love,Love,0.7028637491901797,True
i feel like this is a way i can combine all of my creative outpourings into one thing,Joy,Joy,0.4973155498846982,True
i found myself looking at the clock and starting to feel irritated,Anger,Anger,0.9886586525061596,True
im feeling just a little proud,Joy,Joy,0.7091867241455826,True
i am back to feeling determined,Joy,Joy,0.9959767158544489,True
i am off on wednesday to a postgraduate open day but there will be plenty to write about the rest of the week i feel sure,Joy,Joy,0.694254126758088,True
i feel a little low about being in japan and i always feel pangs of guilt when i fail to appreciate my living situation and decisions,Sadness,Sadness,0.5697576327914862,True
i feel dirty watching this series and you can tell how the series is trying to induce false emotions in the viewer,Sadness,Sadness,0.7123271451012557,True
i just sat there in my group feeling really depressed because my book just had to go missing at this time,Sadness,Sadness,0.7952133940728692,True
i already feel him kicking my ribs making it harder to breath sometimes and taking over precious space where my stomach once was,Joy,Joy,0.40526170344610907,True
i am feeling irritated anxious which is often then i dont even like my kids touching me,Anger,Anger,0.9398065500710604,True
ive been getting have been making me feel suspicious like its someone elses great work they are trying to get credit for,Fear,Fear,0.9192797603312157,True
i decide that picking the easy route would get me nowhere and i feel like other people want me tortured so i follow the blue path,Fear,Anger,0.29816670099276626,False
i feel appalled that i took advantage of my old friend s kindness,Anger,Anger,0.9121449909382232,True
ive been feeling a bit messy but im hoping this fresh look will help me figure out a better way to deal,Sadness,Sadness,0.7583215020282514,True
i am really excited because i didnt really stand out a lot in high school i was just slightly above average and decently friendly and i feel like delivering this speech will be a cool legacy i can leave on the school,Joy,Joy,0.9107578511670311,True
i wish i could do that chinese bite on my finger so you feel the pain miles away thing but upon some reflection perhaps that wouldnt be very considerate,Love,Joy,0.3202784535478708,False
i also tried after all that frustration when i was feeling none too energetic for more problems to work on the respirometry stuff which is going to be a huge nightmare,Joy,Joy,0.5927589980878588,True
i feel even more determined to keep up our once per week tradition that my son started,Joy,Joy,0.8984307228081685,True
i feel the need to compensate with only the most perfect jacket as a topper to cover where my boobs do not fulfill their duties,Joy,Joy,0.5676743493642066,True
i could have expected in every way and i was feeling a bit overwhelmed at that point how quickly life changed in the past weeks,Fear,Surprise,0.35605946258432286,False
i feel like it might just be ok,Joy,Joy,0.2188896712259703,True
i feel like these unfortunate events fit in with my thought quote i posted above,Sadness,Sadness,0.9098878392934147,True
i am feeling so hyper and bouncy,Joy,Joy,0.9531916116328919,True
i doubt that makes any sense to any one but me when i feel emotional the metaphors come tumbling out like a rock slide see,Sadness,Sadness,0.5919307181350137,True
i didnt want to feel any pain an hour later they decided to start that up and shortly after that they broke my water,Sadness,Sadness,0.6977495605398104,True
i remember being appalled feeling personally insulted that they could have thought that i would listen to something as vulgar as the bee gees,Anger,Anger,0.9221631622778286,True
i look at this photo i feel gentle and calm my makeup is still soft but its warmer and i feel it harmonizes better with the warm colours of these flowers,Love,Love,0.6818004335580952,True
i know i haven t met most of you in person but i feel so honored to be able to come together with you as we grow closer to god,Joy,Joy,0.9892149438821342,True
im feeling especially brave and tough ill have to tell the story of scattering his ashes,Joy,Joy,0.8781104378470858,True
i still feel like im being punished,Sadness,Sadness,0.9995849775027321,True
i feel nervous about leaving my kid with you,Fear,Fear,0.9906424579349898,True
i feel so contented with my job,Joy,Joy,0.9988360995568311,True
i feel furious at love because i really thought it was better than that,Anger,Anger,0.9466329457942256,True
ill get mopey about what occured in the past but the frequency of that has been decreasing in a logarythmic scale and even then its only when im feeling self doubtful which is also occuring less,Fear,Fear,0.5434408108051545,True
i feel useful and valued and that is fundamental for me,Joy,Joy,0.9999108025102753,True
i actually was in a meeting last week where someone yelled at an older lady because her phone rang i felt terrible for her your boss treats you unfairly or in this case someone makes you feel you are not worth anything is only allowing those who offended to steal your joy,Anger,Anger,0.4217403488260675,True
i don t have to go around questioning broads or feeling suspicious,Fear,Fear,0.9937804773674834,True
i am feeling bitchy this evening,Anger,Anger,0.9977132465903225,True
i feel so relaxed and happy and i have discovered that i love having projects that take a few months to do but in the end i will have an actual product to show for,Joy,Joy,0.9866517800295362,True
i like the fresh feeling of sweet he gave me,Joy,Joy,0.4710189286020102,True
i feel so wiggy about everything maybe ill just drop my virtuous lib stance and join georgie porgie,Joy,Joy,0.9473629946025187,True
ive posted ive been feeling the casual vibe when it comes to dressing,Joy,Joy,0.9476118170540688,True
i ended the podcast feeling not depressed exactly but like i still didn t have a concrete answer for how to strike that balance that self help authors love to talk about,Sadness,Sadness,0.38818842322924857,True
im not sure why but im just feeling delicate,Love,Love,0.9498222455218952,True
i feel the vile rising in my throat flipping up the lid on the toilet to let it out,Anger,Anger,0.632370871082747,True
i can feel the rebellious spirit already,Anger,Anger,0.9988568823608479,True
i feel honored to be part of the culinary community here,Joy,Joy,0.9992177483542025,True
i feel no shame whatsoever in longing for iron man at my local cineworld,Love,Love,0.860192440224383,True
i feel ungrateful for wanting more but the truth is,Sadness,Sadness,0.9868301609713673,True
i feel sorta vain,Sadness,Sadness,0.9372420158618089,True
i feel it like you target blank class di title bookmark on del,Sadness,Sadness,0.959170323642075,True
i feel like my fish might be moderately more intelligent than most fish as ive noticed they have a tendency to go to the corner of the tank closest to the container of fish food and just stare at it,Joy,Joy,0.7651903139931397,True
i was feeling clever so i changed the last line to cookies for you,Joy,Joy,0.9745569079765409,True
i will admit with the joy of cooking there are also times where you feel defeated,Sadness,Sadness,0.9430552061628573,True
i am finally starting to feel like i have a real life here in san vicente and i am no longer on a strange confusing extended vacation,Fear,Fear,0.23573675956906057,True
i feel like even though things arent quite resolved with my major i have peace about it still,Joy,Joy,0.8181181035929952,True
i feel ashamed of you,Sadness,Sadness,0.9996368111104171,True
i feel fucking woeful looking at the other girls,Sadness,Sadness,0.25165647842825245,True
i feel really irritated when i talk about my problems and people start talking about theirs,Anger,Anger,0.9034802854300948,True
i was feeling homesick for the annual easter breakfast and service at church this morning at when we left to hike up mt precipice for the sunrise,Sadness,Sadness,0.8838732956431999,True
i don t know about you but it makes me feel generous,Joy,Joy,0.4842566935213624,True
im already feeling pretty festive this year even though its only november,Joy,Joy,0.9397227537142981,True
i feel helpless to regain a safe feeling,Sadness,Sadness,0.29266759334322584,True
i was still feeling hesitant last night but when i woke up i found that i had made my decision and that the slatebook somewhat to my own surprise was what i wanted,Fear,Fear,0.8771633281955379,True
i feel should be determined by me and my actions and nobody or nothing else,Joy,Joy,0.9112085136314887,True
i thought i would feel apprehensive about it i was surprisingly comfortable while he was gone,Fear,Fear,0.9941972035062433,True
i feel drained and i am physically sore from the work i did,Sadness,Sadness,0.9982119804805725,True
i sure did appreciate her asking instead of just feeling mad or hurt because she thought i was,Anger,Anger,0.6344055707828258,True
i litsen to his music i feel so much pride to think i gave birth to this amazingly talented child who one day when he was in his early teens picked up a guitar and just played it like it was second nature,Joy,Joy,0.650300140060892,True
i do not want others to feel unhappy just because they have to accommodate to me,Sadness,Sadness,0.957034513462104,True
i am a prolific writer in my fandom but do not feel that i am as highly respected from fellow writers as i once was because i do write so much and as often as most people cannot,Joy,Joy,0.6218444076759404,True
i feel lonely who make me feel special when i feel useless who are always kind and sweet to me,Sadness,Sadness,0.9288334202206083,True
i have a feeling i will be dissatisfied several times,Anger,Anger,0.9800998770161587,True
i feel a gentle tap and find flower child watching me her expression grave,Love,Love,0.9479172971439769,True
im feeling restless and frustrated right now in that way specific to people who are recovering from illness or injury,Fear,Fear,0.8628913876440661,True
i feel honoured that such a great man claims me as his friend,Joy,Joy,0.9945528168198123,True
i will burn for you feel pain for you i will twist the knife and bleed my aching heart and tear it apart i will lie for you beg and steal for you i will crawl on hands and knees until you see youre just like me,Sadness,Sadness,0.6726993349508709,True
i feel uncomfortable telling others what is on the girls wish lists,Fear,Fear,0.8692390938180424,True
i cant do a simple math question and guess what i broke down in front of my tuition teacher whom i have known for almost years now feeling pressured and i feel so bad bout myself,Fear,Sadness,0.43576227330321327,False
i feel doubtful in my abilities,Fear,Fear,0.9840670610317931,True
ive been feeling very listless lately,Sadness,Sadness,0.9966205706698318,True
i said at the beginning i have combination oily skin but i still use this around once a week because my skin feels absolutely gorgeous the morning after applying it,Joy,Joy,0.49913673707477907,True
i have to be honest and say that the first two chapters sort of overwhelmed me and i wasnt sure that i was going to be able to follow everything and was feeling kind of dumb,Sadness,Sadness,0.5837225119113274,True
i lay here typing this hate blog entry that no one would read although i want the whole world to read and praise me like dickens i feel so miserable,Sadness,Sadness,0.8427049638067392,True
i can t look at for too long without feeling depressed,Sadness,Sadness,0.9740872869635959,True
i am not feeling so generous and he is sent to the sofa where he glares at me for the next six hours,Joy,Joy,0.49498137480392174,True
i don t really believe because i walked through all the water stops in my first marathon and i actually don t think that walking is bad but dammit i was feeling stubborn and i wanted to get home and needed to be motivated by something,Anger,Anger,0.8021886161722733,True
i firmly believe that the only way to go about this craft is to write the book that you feel passionate about and not to worry about finding the book that the mass audience desires,Joy,Love,0.4065218070396379,False
i always get that feeling that i got one kids more than another and it is vicious,Anger,Anger,0.5924980588781327,True
i do that i feel ashamed of,Sadness,Sadness,0.9995773991255934,True
i don t want to hurt anybody s feelings and i certainly don t want to betray any amount of trust but i do want to entertain and i do want to be faithful to myself my thoughts and the topics at hand,Love,Love,0.32311117511977466,True
i feel as though i have merely accepted what has been done and that no matter what time has gone by it will always be with me,Joy,Joy,0.4800633246465332,True
i was an year old girl who just wanted to feel important,Joy,Joy,0.6053996447461069,True
i see all my friends posting pics and status updates of where they are going or what they are doing and i feel a bit jealous knowing it s not something i can get out and enjoy,Anger,Anger,0.6968636977862204,True
i have strong feelings about being faithful,Love,Joy,0.5862904284641288,False
i suppose we all feel a little inhibited when it comes to picking up the phone and calling someone we re not very close to anymore,Sadness,Fear,0.3483473629863835,False
i used that word just to feel the energy of anticipation as people prepare their delicious meals and gather their needed tools for when they invite their loved ones into their homes,Joy,Joy,0.9463828112682112,True
i might do so simply because i couldnt keep my mouth shut makes me feel terrible,Sadness,Sadness,0.6442538764855823,True
i feel just an on going dull pain for a fews hours or a day in my chest,Sadness,Sadness,0.9392991706807151,True
i see people who physically resemble me i feel confident to strike up conversations with strangers,Joy,Joy,0.8346311677880038,True
im feeling a bit grouchy today,Anger,Anger,0.992347299163755,True
i feel so damn curious with what this blond doctor plan to do this night,Surprise,Surprise,0.7013235932471945,True
i sit up and i feel awful about it as miles starts feeling up whoever s pants under his back for a cigarette box,Sadness,Sadness,0.7483682413529265,True
i dont know it if is the freshness of both but i feel more energetic during these seasons,Joy,Joy,0.9927743000418116,True
im feeling cranky a href http doingaone eighty,Anger,Anger,0.9946770048292763,True
i feel its sad but im okay with it im happy i had done it even though it hurts a little,Sadness,Sadness,0.6102535876674894,True
i feel he is a terrific actor,Joy,Joy,0.9908546285889219,True
i feel like everythings going to happen with out me and that ive been disillusioned this whole time,Sadness,Sadness,0.9639046577705491,True
i feel restless in my own pursuits,Fear,Fear,0.9034543946485282,True
i felt it had a slight bitterness in the finish that detracted from its oily mouthfeel and sweet entry,Joy,Anger,0.31648217637695847,False
i woke up and felt sad all over again but that was quickly replaced with a feeling that reassured me things will work themselves out on their own time,Joy,Joy,0.7909180862816405,True
i feel quite reluctant to pick up a dance with dragons book because once i m done with that who knows how long i d have to wait for martin to finish his next installment it took him years to release a dance with dragons after a feast for crows,Fear,Fear,0.5759697269703256,True
i was trying to demonstrate that i understood what she was feeling but she was very alarmed and worried for my safety,Fear,Fear,0.717498449273984,True
i feel like he s a lot more playful open with me than other girls i know he s friends with,Joy,Joy,0.9073581170612569,True
i needed some space i needed to grow i was in the midst of some serious change and ok yes they had also hurt my feelings pretty badly and i was a bit spiteful,Anger,Anger,0.6104462380942183,True
i feel very cheated since i am supporting the family and doing all the other stuff while he spends hours a day gaming,Joy,Love,0.4166958999066752,False
i continue to feel so content about our decision to move here,Joy,Joy,0.9371392418747166,True
i cant helped but to feel burdened and anxious about this,Sadness,Sadness,0.9793119500828819,True
i wont lie this week has been abit of a difficult week for me ive been feeling very stressed and anxious this week plus i think im coming down with the flu but it has definately helped me to appreciate the little things,Anger,Sadness,0.3405475766069611,False
i kinda get real attached and excited when i feel that way and i never handle things as well as others would,Joy,Joy,0.505940224605707,True
i both started to feel uncomfortable and got up to leave which was met with comments of oh yeah right two girls like you wouldnt come to a bar if youre not looking for attention from guys,Fear,Fear,0.5870278927441652,True
i almost didnt even feel convinced by the way the book was written,Joy,Joy,0.8706102187771303,True
im feeling brave ill snatch him to on my lap and after a few seconds of struggling he completely relaxes and submits to mommy scratches,Joy,Joy,0.9130375740056809,True
i feel that poachers and others who kill animals for their pelts ivory or other parts should be punished severely i find hunting and fishing cruel,Sadness,Sadness,0.7380265856858619,True
i feel empty after cheated in the name of friendship i was broken,Sadness,Sadness,0.9795920337970712,True
i feel sure that i will go beyond that,Joy,Joy,0.9007902537048026,True
i am in the need of some extra guidance and i am feeling doubtful god seems to put the right message in my ear that i need at just the right time,Fear,Fear,0.7233078695128564,True
i just feel insulted oh oh oh to my exexbf i am so totally entirely over you,Anger,Anger,0.9872269662793299,True
im feeling really really sarcastic caustic or theres been an influx of idiots into my flists daily lives,Anger,Anger,0.6117963581519705,True
i feel i can only hope im not alone in these thoughts and im sure to all you fellow exchange students you probably have the same thoughts in mind with at least some of this listed some might say being an exchange student is unlike any other experience,Sadness,Joy,0.4218893402034096,False
i feel that anna ji is little bit stubborn on jan lokpal bill and the protests related to it,Anger,Anger,0.7787697443120419,True
i listen to it i feel all rebellious,Anger,Anger,0.9992140939499591,True
i feel like i am less of a woman less of a person less valuable because im not married and not dating,Joy,Joy,0.8141973431039747,True
i was feeling really troubled and down over what my dad said,Sadness,Sadness,0.9513751801327289,True
id feel frantic,Fear,Fear,0.9992093617245856,True
i have learned how to present in front of a class without feeling nervous,Fear,Fear,0.917553795539556,True
i also miss the old curious child within me i just feel that the curious child inside me is dying slowly upon the shock of knowing that the world is not as beautiful as we thought it was,Surprise,Surprise,0.8601153768315369,True
i am feeling content and happy with myself,Joy,Joy,0.9887140568925344,True
i feel like we re getting a terrific recruiter basketball coach and person,Joy,Joy,0.8754942419977143,True
i just got back from another miler faster than yesterday and im feeling amazing,Surprise,Surprise,0.3129399550813628,True
im feeling adventurous i might even make it multiple tiers too,Joy,Joy,0.9936089888590239,True
i wouldnt say that i suffer from social discomfort at the moment because ive found places where i feel comfortable and even people who have accepted me the way i am,Joy,Joy,0.8417113603864509,True
i was feeling cool that night and she got it right,Joy,Joy,0.9208710653189793,True
i am not feeling the love towards myself and that becomes somewhat of a vicious circle resulting in me just feeling lazy complacent and in general just de motivated,Anger,Joy,0.5921822635625762,False
i cant write a review for a book i adore unless i am feeling in the adoring mood at that moment,Love,Love,0.3039309674154339,True
i am feeling very insecure and sensitive,Fear,Fear,0.9933762100342494,True
i feel so useless some days,Sadness,Sadness,0.9988507499480623,True
i feel the most unloved and unlovable,Sadness,Sadness,0.9987974247374961,True
i feel special a href http facsimilogos,Joy,Joy,0.9846486729417688,True
i feel pretty strongly about not doing a giveaway to gain numbers,Joy,Joy,0.57061581697455,True
i feel really honoured to be a part of this inaugural race and you can sense how proud the local runners are to be able to show off their trails and to host this event,Joy,Joy,0.9833328499927679,True
i feel can you stop being so obnoxious and think for me at the very least,Anger,Anger,0.9642356973764314,True
i didint feel any love and caring now,Love,Love,0.9442849880895575,True
i feel like a bit of an ungrateful fool for not having written anything about him last week,Sadness,Sadness,0.8974577702760085,True
i even dare to try to explain in words how i feel about this gorgeous boy who is here at my house every other day holding my hand through lifes dismays,Joy,Joy,0.8103094659231984,True
i was feeling out of sorts restless,Fear,Fear,0.7224148180055633,True
im feeling a little dissatisfied,Anger,Anger,0.9953379790039046,True
i feel so helpless right now,Fear,Sadness,0.5526024904119451,False
i feel like ive come a long way and im proud of what ive achieved not only this week but this year as well,Joy,Joy,0.9166990171563701,True
i was feeling very anxious this song came on the radio as soon as i got in the car,Fear,Fear,0.8788653825730625,True
i feel numb the end of the world as we know it and i feel numb a href http leslielandberg,Sadness,Sadness,0.992874718319393,True
i was having an awful year racing and was feeling exhausted all the time,Sadness,Sadness,0.9971414912691634,True
i am going through trials or just feeling troubled about something i love to put on worship music while i am driving and really think about the words sing and pray as i go,Sadness,Sadness,0.8460771698309062,True
i haven t been able to do a lot of stuff most people managed to do in various points of their lives i feel that i have missed out a lot in life and i know that my current path is my only ticket to live a live that i want to,Sadness,Sadness,0.731942729162171,True
im feeling hopeful relieved,Joy,Joy,0.9997334755902505,True
i feel i might have lost the potty training train,Sadness,Sadness,0.4765126768012331,True
im afraid to call the guy from yesterday because i think hell be angry because i think my boss is angry because i dont communicate with him and i feel like im doing a shitty job and i project my fears onto him,Sadness,Sadness,0.42210077605158597,True
i always feel so dull in the morning,Sadness,Sadness,0.9913373581991722,True
i am lost for words to tell you of my agonising pain i feel from my own sorrowful heart my heart of darkness,Sadness,Sadness,0.9376090546605671,True
i feel lashes out at me and is rude,Anger,Anger,0.7783164557924224,True
i feel groggy and out of sorts from my episode not counting the fact that i got scared last night,Sadness,Sadness,0.9637268392178551,True
i know it will be no picnic and i will not feel defeated at all if i get my first contraction and immediately decide to go for the epidural or if i am induced or have to have a c section or whatever may be,Sadness,Sadness,0.8111296163049839,True
i feel it is of vital importance and stress we show love towards one another and genuine love please people otherwise feel free to go cold on me i do not like being misled,Joy,Joy,0.8812292085704774,True
i feel a bit calm now,Joy,Joy,0.3314785217072794,True
i was feeling brave i would try to pick up running again,Joy,Joy,0.971683451488358,True
i have asthma and when i can barely breathe when it s hard i feel very shaky and weak i feel like not doing anything but lie there helplessly and i feel like collapesing i did so much reseach and i got nothing,Fear,Fear,0.9415094355495119,True
i walked under the refuge feeling it was the perfect shelter from a storm,Joy,Joy,0.6109726896309854,True
i find it helps to let go of self will by saying let your will be done not mine or when i m feeling particularly impatient in god s time not my time,Anger,Anger,0.6252093761970599,True
i am again not inspired and after looking at ideas and images i feel that i dont appreciate them anymore they become useless and purely skill driven having nothing to do with thought,Sadness,Joy,0.6180901371850457,False
i become someone else and i make random awkward jokes honestly this feeling is so strange is this what it feels like to be on top of a cloud,Fear,Sadness,0.47427531133191353,False
i hope i get the job cause im in desperate need of money and i feel greedy,Anger,Anger,0.9046761385910846,True
i feel like that im hated by most of the girls is it becoz im a good dancer,Sadness,Anger,0.5506464694567896,False
i feel like living in austin was really sweet in other ways,Love,Love,0.3836796023031307,True
i think itd be easier if i had parents that argued with me about it then i could feel rebellious or something p but right now i just feel like a burden,Anger,Anger,0.9735089835333792,True
i think im making up for feeling like i missed autumn and its great colours,Sadness,Sadness,0.8416241259196908,True
i blamed the people around me for making me feel less valued for being a stay at home mom,Joy,Joy,0.5865730160111089,True
i feel this weekend is going to be a slutty one,Love,Love,0.8090517510259766,True
i get the impression that banjo was really feeling it but molly still prefers her beloved katy perry purrrr,Love,Love,0.3047602768512959,True
i didnt get to prank anyone throughout the whole day cos i was either too busy or not feeling creative,Joy,Joy,0.6251173109775398,True
i wish him and i could go out and i could do my hair and makeup and feel cute and flirt and talk and stuff but that never occurs,Joy,Joy,0.8674371949627726,True
i am feeling particularly optimistic today and have every reason to look forward to amazing things in,Joy,Joy,0.9712900092848353,True
i feel that books are always a wonderful gift for a baby,Joy,Joy,0.7608210222409731,True
i told him that i was willing to do whatever it took for me to not have to feel this horrible every day,Sadness,Sadness,0.7596073634997398,True
i was feeling cold towards to my partner although i didnt think i presented that way i felt like i had to fake my feelings for him and that i didnt love him anymore,Anger,Anger,0.42529887505658254,True
i feel ok that must be the reason why it was so outrageously priced,Joy,Joy,0.5395059824638831,True
i really do feel superior,Joy,Joy,0.9993437776713635,True
i feel like that line is so perfect,Joy,Joy,0.7210342104970116,True
i lie down he feels my belly listens to babys heartbeat gets mad at me for sitting up without rolling onto my side first and then tells me theres some protein in my urine nothing to be worried about though and asks if anything is bothering me,Anger,Anger,0.45573413761879883,True
i left feeling absoloutely devastated,Sadness,Sadness,0.9816878650477506,True
i don t have to stiffen don t have to fight for myself or feel bad about behaving the way i naturally behave,Sadness,Sadness,0.628521476631585,True
i work well with almost every client ive ever been in contact with because i know what it means to feel depressed angry frustrated irritated hopeless and apathetic because i feel it daily,Sadness,Sadness,0.49376630014948564,True
i hear someone say we should just let gardeners be let folks do whatever they want i feel pretty aggravated,Anger,Anger,0.751391737975546,True
im feeling so appreciative of every experience in my life that has brought me to now to today,Joy,Joy,0.9625867311910988,True
i feel affectionate toward him,Love,Love,0.9966534760681686,True
i feel really shitty and it s seriously like the whole thing is ruined,Sadness,Sadness,0.9383814980729112,True
i always feel that love is something much vaster and if we could explore it together perhaps i should then make my life into something worthwhile before it is too late,Joy,Joy,0.9597165520535634,True
i feel useless with just a bachelors and masters,Sadness,Sadness,0.9926532027327976,True
i stopped myself and began telling myself what i wanted to feel i am peaceful,Joy,Joy,0.9113800197263273,True
i acted withdrawn and cold towards others in situations that required empathy its not that i dont care i just dont always feel the feelings so i fake it,Sadness,Sadness,0.4009380364386044,True
i feel like i have nailed the marriage and the house parts of my life and i am happy and content as i can possibly be in those aspects,Joy,Joy,0.844421397011234,True
i just tell people i feel like one sweet southern mess right now,Joy,Love,0.342661906806634,False
i feel for folks with tender plantings that may have been set out too soon it might actually dip below freezing over the next few nights,Love,Love,0.38944424314548165,True
i really feel pissed off as i want to spend more time with you,Anger,Anger,0.9724790135501389,True
i feel calm and okay but sometimes i just get so sad,Joy,Joy,0.7354876414637452,True
i went outside to shut in the hens then was tempted by the brilliance of the stars to walk across the frozen fields feeling very cold looking up into the sky,Anger,Anger,0.41776254227380943,True
im feeling a little lethargic,Sadness,Sadness,0.9962117152233922,True
i also do feel passionate about teaching,Love,Love,0.6146931569751855,True
i woke up about am feeling a little disturbed,Sadness,Sadness,0.9918355033040017,True
i have to take jenny in to be spayed so of course im feeling nervous and guilty,Fear,Fear,0.9598408603215682,True
i received a slightly belated message back from daniel and feel a lot more reassured that im not the only one who thinks l is emotionally insensitive,Joy,Joy,0.8355946926491722,True
i had encountered before and as much as these dreams thrilled me they left me feeling even more terrified,Fear,Fear,0.5506032194460809,True
i work myself like crazy doing extra stuff around the house or volunteering and serving other people in an attempt to feel productive and useful to someone anyone pleeeeeease,Joy,Joy,0.9510699276512994,True
i started questioning god feeling worthless and even jealous of others that come by parenthood so easily,Sadness,Sadness,0.6981631146421601,True
i can t help feeling curious about it,Surprise,Surprise,0.9942083746990122,True
i am feeling so appreciative today,Joy,Joy,0.9950678620536759,True
i feel kinda bitchy and cranky i need to try and take a nap,Anger,Anger,0.9948348497224287,True
i declined to purchase any this time i enjoyed feeling squishing and project thinking all the divine yarn,Joy,Joy,0.9277071081221158,True
i feel like it add a little bit more shield from the cold and the fabric is great for wicking away sweat,Anger,Anger,0.24722075257263118,True
i feel much more relaxed going into this race,Joy,Joy,0.9912692672448565,True
i feel this needs a clever title but i cant think of one,Joy,Joy,0.9088524563744422,True
i feel kind of shamed about myself,Sadness,Sadness,0.9590049316943151,True
i felt like id developed feelings for this guy thus explaining why id even follow this guy like a faithful puppy dog and he never knew,Joy,Love,0.41432699262079514,False
i feel like im so distracted most days,Anger,Anger,0.9843492555856896,True
i always feel sympathetic for those that do as well because life can be really hard on you sometimes when you do have alot of pride,Love,Love,0.9746907388019705,True
i have not had any serious injuries or setbacks other than that infection in my foot a couple of months ago but i have noticed that my knees and inner foot have started to ache and feel tender during the longer runs,Love,Love,0.6333998834038093,True
i feel like nine times out of as long as you re determined and keen it tends to work out anyway,Joy,Joy,0.9872110854086588,True
im feeling absolutely amazing,Surprise,Surprise,0.35405220226110784,True
i got a shot of terbutaline which makes you feel shaky and makes your heart race like you just drank cups of coffee,Fear,Fear,0.9193947663750528,True
i was stressed about my job search and apartment hunting and i was just feeling overwhelmed with everything that was going on,Fear,Surprise,0.5942832925728948,False
ive been feeling very mad at it,Anger,Anger,0.6977888306378822,True
i havent been sick in the winter very often since i quit smoking years ago so seldom in fact that now when i do get sick i feel outraged hows that for rational thinking,Anger,Anger,0.629367734766211,True
im feeling all romantic so i thought id show you some easy last minute presents and fashion ideas for valentines day,Love,Love,0.7547643251538251,True
i feel so restless so bored and im in danger of giving up on being good at work,Fear,Fear,0.6004193384577762,True
i need to step up my game but im just feeling like i cant be bothered,Anger,Anger,0.8709461802244317,True
i feel like im unwelcome,Sadness,Sadness,0.9959938941178721,True
i feel as uncomfortable now as if i were carrying a volvo but my belly is nice and tidy and looks not unsimilar to the beer gut my dad has nice and hard and round and i waddle just like he does,Fear,Fear,0.5335402914907883,True
im happy to report im still not feeling terribly stressed,Sadness,Sadness,0.3390353534451947,True
i feel more loyal to micah,Love,Love,0.9996121501923072,True
i feel that it is of vital importance that those who care about me know this stuff,Joy,Joy,0.9451903787910472,True
i did feel slightly weird in that costume,Fear,Surprise,0.3740171454870948,False
i didnt want to be spending my days working in a job that i didnt enjoy or to come home feeling stressed and tired and not be able to give my daughter the attention she deserved,Anger,Sadness,0.6294121568064495,False
i have noticed my fingers and toes get very cold and almost feel numb,Sadness,Sadness,0.8271208138895727,True
i always buy a couple of pork loins when they go on sale and when i m feeling clever i cut them in half and tuck them into gallon size ziplocks with a marinade and stuff them in the freezer,Joy,Joy,0.91348286589773,True
i feel so extremely disappointed by you you took me for granted,Sadness,Sadness,0.7494583556666308,True
i feel like everything that i hope to become a piller in my life i cling to i despise myself for clinging to something like a hopeless fucking baby,Sadness,Sadness,0.8273819364951052,True
i dont know but i feel virtuous so i accept the reward,Joy,Joy,0.9963671091920349,True
i feel like i can t truly get excited for this race because i have no idea whether or not i ll even be able to run it,Joy,Joy,0.5636581543222352,True
i usually end up sitting at my desk feeling like i m at work but just doing unimportant tasks or browsing the internet,Sadness,Sadness,0.9071479805918529,True
i feel like a mom of a compassionate smart stable human being,Love,Love,0.6590277351714354,True
i feel elegant in a dress,Joy,Joy,0.9956882882262224,True
i still feel like there is a lot left to keep me entertained,Joy,Joy,0.855162218250696,True
i werent feeling crappy enough aunt flo decided to show up and im bloated like a balloon,Sadness,Sadness,0.803148113227948,True
i was feeling overwhelmingly anxious so i went into my room to read my bible and pray,Fear,Fear,0.5541085342137441,True
i write this i giggle and shake my head in humbling shame but in a way i feel somewhat triumphant,Joy,Joy,0.8148183200514841,True
i said something familiar such as i would love to be present with you now and i feel too anxious about time,Fear,Fear,0.6026934583978831,True
i write this th post i feel extremely delighted to buy myself a little corner in this blogger world,Joy,Joy,0.5159808665483514,True
i don t know how else to describe it except to say that i had the same feeling about three weeks before my beloved grandmother passed away,Joy,Sadness,0.3052122583237098,False
i have been learning and re learning the lesson that no matter how i feel about myself or even how others may feel about me i am treasured by god,Love,Love,0.7105038654629411,True
i know the feel of her losing control against me and trusting me to catch her when she comes apart,Joy,Joy,0.591156548844868,True
i said before do feel free to contact me this is something i am interested in finding out more about,Joy,Joy,0.8800494153415427,True
i lie in bed knowing that the holy spirit has got to do the work but i feel burdened that i m not working hard enough,Sadness,Sadness,0.9666638747601428,True
i feel myself about how successful my attempts are im starting to connect with the fact that people want to hear music not perfection whatever that is,Joy,Joy,0.9197495671737034,True
i feel like he has a very pleasant nearly transparent presence on lobelia though that presence was necessary nonetheless,Joy,Joy,0.8204567651390313,True
i cant feel anything like they said why does everything always hurt so bad,Sadness,Sadness,0.612869576293131,True
i have this grave feeling it will not be back until tomorrow and strangely enough i have accepted it,Joy,Joy,0.3509478066900406,True
i had been blessed to be running it for the th time how could i not be feeling anything but thankful at the many gifts this race had given me,Joy,Joy,0.8147618304629844,True
i suggest you take a look at them when you feel curious enough to know more things about specific english words related to familiar diseases,Surprise,Surprise,0.7320301228136177,True
i type these words i feel like i shouldn t be surprised,Surprise,Surprise,0.86107696253822,True
i know it that sucker is overhead and i feel triumphant,Joy,Joy,0.9990032528265903,True
i plan to do so by obtaining an mba and from that mba program i feel that the most valuable outcomes i would like,Joy,Joy,0.9810082732853832,True
i feel a bit lonely just writing this because its not face to face with someone and i cant get feedback,Sadness,Sadness,0.6751001733078987,True
i have some great friends and great housemates who have listened to how i feel and reminded me that its so unimportant and i should enjoy my life and be proud of myself,Sadness,Sadness,0.6356159995321609,True
when i learnt that my best friend had failed the exams,Anger,Anger,0.2141920385959175,True
i had told gerry yesterday that if i feel isolated it is my own fault,Sadness,Sadness,0.985746973957112,True
i feel these days living in fears just another way of dying before your time so today i am declaring myself fearless,Joy,Joy,0.6131473617473244,True
i started to feel like i was going mad as i was sure i could see stars floating in the water but whenever i went to grab one i came up with nothing,Anger,Anger,0.3046177956470779,True
i basically spent a miserable night crying and feeling terrified and sick to my stomach,Fear,Fear,0.7122549956430704,True
i am feeling the past few days a little distressed about not writing here as much,Fear,Fear,0.6199816725026911,True
im feeling all jolly and warm inside but i just feel empty,Joy,Joy,0.571203297484743,True
i just wanted to read books watch tv and feel miserable,Sadness,Sadness,0.9459564128403269,True
i was feeling a little fearful of trying to eat this damn thing,Fear,Fear,0.8581174798899192,True
i to feel unwelcome at her apartment certainly not,Sadness,Sadness,0.9954496277151639,True
i took care of myself by avoiding family events that make me feel shitty,Sadness,Sadness,0.767289565511926,True
i did a body scan and realized that everything was feeling amazing,Surprise,Surprise,0.36870016576465975,True
i feel much more energized than on a gloomy rainy autumn day,Sadness,Sadness,0.8558939890028688,True
im sure i will feel fine in the morning,Joy,Joy,0.9701246043637003,True
i look at others and feel jealous,Anger,Anger,0.9837601981750288,True
i feel like a moronic bastard,Sadness,Sadness,0.860445048082938,True
i don t care if any of you read this but this is just what i feel when i m around you guys i feel hated,Sadness,Anger,0.42393904451492703,False
i feel the pressure to be funny all the time,Surprise,Surprise,0.5529694187586132,True
im okay with her getting married whirlwind style at the courthouse and going off to kentucky to live with him but im still feeling hurt by the betrayal and secretive style she had adopted,Sadness,Sadness,0.3071523532160321,True
i feel is the most important question how would we handle this,Joy,Joy,0.8106975897845284,True
i feel so pretty in them it doesnt matter how un glamorous the task is,Joy,Joy,0.964257264658027,True
i could feel the sincere enthusiasm of all the people who got involved in this project,Joy,Joy,0.9858673413957451,True
i feel remorseful for the crimes that were committed intentionally or unintentionally and whether or not i had known about it or not known about it,Sadness,Sadness,0.9562420590723549,True
i can t quite figure out how i feel i m not devastated like i was with lucy and i m not sure if that s because it s easier to do after the first time or what,Sadness,Sadness,0.834281963424731,True
i am feeling depressed cursing my luck,Sadness,Sadness,0.9757651389477994,True
i feel truly heartbroken that hyun joongs fans can be so hateful,Sadness,Sadness,0.802708633390928,True
i feel guilty i wont be able to give this little one the same amount of time with just me,Sadness,Sadness,0.7022520360920137,True
i know for a fact that he treated everyone this way his love seemed boundless but he also made me feel important,Joy,Joy,0.33488982604627743,True
im feeling a little anxious about the whole thing,Fear,Fear,0.8697721897952172,True
i am sure its meant as a celebration of the various shades of red out there i feel insulted,Anger,Anger,0.9026200321722169,True
i was however totally petrified of feeling it scared to death of giving in and releasing it and afraid i wouldnt be able to cap it again,Fear,Fear,0.9856803179820544,True
i know i feel vulnerable,Fear,Fear,0.9998407582260429,True
i have been feeling so melancholy and alone,Sadness,Sadness,0.999952496119693,True
im feeling exponentially more useless on the farm as each day passes,Sadness,Sadness,0.742468666582932,True
i would point out that it really could have used a bit more attention on the writing aspect as it feels a bit dull in few places,Sadness,Sadness,0.7312336750981266,True
i love a hearty chat where i mean everything that i say and laugh from the heart gut w e not because i wanna let the person feel im entertained,Joy,Joy,0.6228796862590553,True
i also know that if today i refuse to hate jews or anybody else it is because i know how it feels to be hated,Sadness,Anger,0.47847226823012906,False
i have that feeling that spark and i am not sure where it is going or if it will ever turn into that flame,Joy,Joy,0.46928087349760067,True
i roll my tongue over your labia sucking and nibbling drawing your flesh into my mouth and letting you feel the delicate pinch of my teeth,Love,Love,0.8136414565430442,True
i feel so frustrated because i had a long weekday and i dont really have plenty of rest and right now he keeps on coming in the room,Anger,Anger,0.7235560763552231,True
i feel like ive been neglectful,Sadness,Sadness,0.9908940977075728,True
i feel like a boring blogger lately,Sadness,Sadness,0.8027007849702416,True
i soon realized that an initial attraction to an activity that feels playful is often followed by a desire to practice to perfect the talent that led to the original enjoyment,Joy,Joy,0.9463852950531441,True
i always feel a little jealous of my son because when i joined the church i went almost directly into young women so i didnt learn the primary songs,Anger,Anger,0.7851387873779113,True
i feel as though it is worthwhile and career wise,Joy,Joy,0.9911267130437507,True
i still feel like there are more than enough to keep me entertained while still being just a few to keep dusted,Joy,Joy,0.8267379003760861,True
i don t always feel like i have amazing style and most days i choose comfort over anything else but there is one thing that i feel makes all the difference in how i feel about myself and that is makeup,Joy,Joy,0.5734036037372616,True
i feel numb i dont experience anything because of the numbness and of me just always feels something is going to go wrong,Sadness,Sadness,0.9415155776151437,True
im feeling weepy already,Sadness,Sadness,0.9955758882788758,True
i look over and to my utter horror i see a man holding the elevator door open instead of feeling terrified or even telling the guy to get off the elevator i imagine the elevator chewing on him like a metallic pacman not pacquiao the other yellow guy,Fear,Fear,0.6440326181600012,True
i havent needed the pain meds maybe i will chillax with some wine feeling all elegant like,Joy,Joy,0.8245054542585731,True
i feel virtuous and tough when i wear a hat jeans and a tshirt without worrying,Joy,Joy,0.9818356066277901,True
i disagree with my parents on many issues and will sometimes let them know my feelings in unkind ways,Anger,Anger,0.4092953012609844,True
i go without a new post the more guilty i feel for leaving all my loyal readers in the dark about my progress in this crazy quest i set out on days ago,Love,Love,0.7142435396209799,True
i feel so eager to prove to my friend that im not like that,Joy,Joy,0.9841874030105566,True
i have to admit that i feel the teensiest bit envious of my friends who live there,Anger,Anger,0.9617528436279461,True
i feel it so easily like that of a gentle rain that warms the earth and brings laughter and delight from all those that pause to take notice of such a blessing,Love,Love,0.5700000267043235,True
i hate these feelings in my heart i hate that work stressed me out i hate that cornelius wont let me get my way im frustrated lord,Sadness,Anger,0.4058238913314154,False
im still feeling pretty low and demotivated including ups,Sadness,Sadness,0.8089128790410021,True
i breathe into the feelings in my body resisting my mind s clever attempts to analyse what i m feeling,Joy,Joy,0.6791813128524274,True
ill likely post more on those later but feel free to ask if you have questions,Joy,Joy,0.9000925205951974,True
i always end up feeling unwelcome and sad,Sadness,Sadness,0.9959129653875298,True
i feel so amazing musicjuzz,Joy,Surprise,0.5129897970298404,False
i feel so giggly reading your comment tags,Joy,Joy,0.9687111437037118,True
i must add the crowd was similar to last night except it had a much more laid back stoner feel with supporting cast of parents escaped from their kids,Love,Joy,0.381194552315177,False
i do that made me feel excited about life,Joy,Joy,0.9740656383022832,True
i have been feeling regretful recently that i did not know back then that the abuse was not my fault and that it did not happen because of who i was but because of who they were,Sadness,Sadness,0.9844584949763604,True
i am not feeling as terrific as i have been,Joy,Joy,0.9872867738932274,True
i feel quite glamorous in this dress,Joy,Joy,0.9935175205985611,True
i feel like i wouldnt have a longing if only we could have a baby and have that new experience together,Love,Love,0.6603668345468402,True
i am feeling a lot more positive about the future of the virtual birth unit and simulation in midwifery education,Joy,Joy,0.9336041134341073,True
i just want that feeling of not caring about unnecessary stuff like i felt before,Love,Love,0.872479319578931,True
i feel so very keen to leave the country atm,Joy,Joy,0.9584657277928162,True
i knowing that to this day still makes her feel not shy,Fear,Fear,0.7509063446648648,True
i decided to actually paint this piece in a common canvas because painting in canvas make me feel very artistic,Joy,Joy,0.9594033211272954,True
i really need to find my nitch up here in vt i feel very lonely and bored and it s taking it s toll a href http twitter,Sadness,Sadness,0.721848058255077,True
i felt apprehensive in regards to the party oftentimes in the past other men have made me feel resentful towards them when i attended with them,Anger,Anger,0.7887382689615587,True
i feel so peaceful and happy,Joy,Joy,0.9996264032629849,True
i was feeling pretty distracted with a few things that have been going on so it felt good to go with a clear mind,Anger,Anger,0.5776576196752156,True
i thought maybe once i started running i would feel ok,Joy,Sadness,0.29854327150026577,False
i feel so dirty but after spending a day at the mk show me and a buddy decided we would get the two player starter between us luckily for us both i liked the everblight and he liked the circle maybe a tad to much so it all worked out well,Sadness,Sadness,0.3975671678428109,True
i chance that difficult to accommodate with the feeling of a jehovah and benevolent lord,Joy,Joy,0.590992135754057,True
i just say the things that i want without even thinking what the person would feel its rude right,Anger,Anger,0.7921782536752423,True
i don t have the feeling of divine vibrations,Joy,Joy,0.981556303222437,True
i feel unimportant when he spends nights out with sara and i get no phone call,Sadness,Sadness,0.9700418813518396,True
i dont know if i should let go and feel that vain or should i wait and stay in vain,Sadness,Sadness,0.9100482724965516,True
i feel so lucky that i get to experience this joy at sssas every day,Joy,Joy,0.9796420830112499,True
i feel so boring all the time,Sadness,Sadness,0.9492898586555759,True
im not the one who feel bothered about this,Anger,Anger,0.9918163956603897,True
i feel your frustration but it s time to calm the hell down,Joy,Anger,0.44297106392233043,False
i slowly realized that even the next day when the six hour effects had worn off i was feeling more energetic and could concentrate working through emotional crap better,Joy,Joy,0.8677470671215683,True
i was gifted one of the books but am feeling a bit intimidated to take on the intricate work,Fear,Fear,0.9029119626068808,True
i feel the presence of the divine with you when you are buried inside me smiling down at me your sweat dripping into my eager mouth,Joy,Joy,0.965770695162458,True
i entered the office though feeling the monday blues with a joyful and serene spirit dominating,Joy,Joy,0.8135299083772384,True
i feel shy about it all and also a little concerned whether my new title will distance me away from people i care for,Fear,Fear,0.8731789346721305,True
i feel productive and active but i have the balance i need,Joy,Joy,0.983133167529384,True
i need a break or im feeling stressed out,Anger,Sadness,0.664451207905907,False
ive taken yoga classes for years but for the past few days i was feeling very anxious abou,Fear,Fear,0.8469473575575025,True
i am sitting on the couch and im feeling rather ashamed so to get in the act of things i slap myself,Sadness,Sadness,0.7152956009869811,True
i feel ashamed and so i tried my very best to help them,Sadness,Sadness,0.9916031246737643,True
i feel so glad that im able to have the time to spend some time with my family now,Joy,Joy,0.9731048098613259,True
i had my carrot sticks not on the program they want you to eat super low gi veggies and carrots are relatively high in sugar however they were convenient and later another shake but i was still feeling pretty lousy,Sadness,Sadness,0.519114849768618,True
i feel watching him grow into a self assured life loving boy,Joy,Joy,0.8780151698297891,True
i had the feeling that it might not have been taken as the truthful and sincere compliment it would have been,Joy,Joy,0.9687638141562037,True
i will feel a dull pain for no reason at all,Sadness,Sadness,0.9951990712705983,True
i feel like im working with half of my voice caleb and i make it through a really wonderful night at the comus inn,Joy,Joy,0.9036417077831349,True
i feel lost and then found november i have told jamie this several times,Sadness,Sadness,0.488411154264226,True
i feel like some of you have pains and you cannot imagine becoming passionate about the group or the idea that is causing pain,Joy,Love,0.534914404028341,False
i feel comfortable here there was a huge niche market waiting to be explored,Joy,Joy,0.9356954625439446,True
i feel at leaving work is hot and complicated and tempered with the disquiet of a future that feels out of my hands,Love,Love,0.4537158494055721,True
i was asked to toast with champagne at the death bed and i remember feeling disgusted,Anger,Anger,0.9010496911172609,True
i can remember feeling that relaxed was last summer on the boat,Joy,Joy,0.8828580486880361,True
i dont really know why but ive also been feeling really rebellious,Anger,Anger,0.9230681514972626,True
i get scared i feel ignored i feel happy i get silly i choke on my own words i make wishes i have dreams and i still want to believe anything could happen in this world for an ordinary girl like you like me for an ordinary girl like you like me how are you,Sadness,Sadness,0.9608148395069415,True
i am not sure how i feel i think because i felt like i already knew i have already sort of accepted it,Joy,Joy,0.43176562694329945,True
i remember that i moved them but i cant remember where and i feel so foolish,Sadness,Sadness,0.9767903249998519,True
i have been feeling a little or a lot lost,Sadness,Sadness,0.4439909043892502,True
i was stupid and said yes which made me feel idiotic because i didnt stick to my guns and do what i had set out to do,Sadness,Sadness,0.9875837367803206,True
im feeling a little more hopeful about the future of my career,Joy,Joy,0.9749527014267039,True
ive got a off sale the ad says starting tomorrow but im feeling generous and started it now,Love,Joy,0.4051361576407697,False
i often feel discouraged and frustrated and i am not where i want to be in life right now,Sadness,Sadness,0.9739996616860369,True
i did about nothing today and feel a little regretful,Sadness,Sadness,0.9906711496954458,True
i ever recognized what it was to feel passionate about something was with music,Love,Love,0.5753353216854767,True
im upset with myself because i really feel like i have a blank years from years old,Sadness,Sadness,0.8552279808990066,True
i feel is an acceptable and significant modernization to the storyline not a detraction,Joy,Joy,0.9661483366521242,True
im feeling pretty homesick this week but i suppose thats to be expected,Sadness,Sadness,0.9635289460534966,True
i dont know what has been wrong with me the past few days i almost feel homesick and i havent even left for australia yet,Sadness,Sadness,0.9682377320809031,True
i feel cranky tonight so im not really updating properly,Anger,Anger,0.9842163090738021,True
i always feel stupid afterwards,Sadness,Sadness,0.9384648620646906,True
i feel appalled right now,Anger,Anger,0.9673964262367766,True
i feel underappreciated and under valued,Joy,Joy,0.9888371267909649,True
im ok with that it feels a little weird,Surprise,Surprise,0.4242317673756447,True
i never feel shy to call or send a billion text messages to and i wont be bugging her,Fear,Fear,0.8818930716574584,True
i feel enraged by the amount of people participating for the chance to break things or those who treat it as a tourist event,Anger,Anger,0.6966567756035146,True
i actually feel halfway benevolent,Joy,Joy,0.883588339274877,True
i like being in church on sundays it makes me feel more virtuous how self effacing and more settled for the week ahead,Joy,Joy,0.9773019546824093,True
i am thinking is the fact because xanax slows your system down it allows you to feel very relaxed but also it might leave you with a not enough energy and motivation,Joy,Joy,0.9313055713013999,True
im crashing and i feel all irritable and estrogen ish,Anger,Anger,0.998847169290027,True
i ignore this voice as well knowing by now it doesn t matter if i feel humiliated by what you request of me i like that feeling i welcome that flushed hot feeling of embarrassment that you can arouse in me,Sadness,Sadness,0.9829243769239824,True
i feel rotten remind me that your fruit won t spoil,Sadness,Sadness,0.9807759783596232,True
i guess it could be described as me just not really feeling like i m a part of the popular bands the up and comers or the growing local band,Joy,Joy,0.6187630702058531,True
i am on top of my game and my fingers feel strong and loose,Joy,Joy,0.7150948368649901,True
i realized that i would be sad to leave this plane so soon and that just because i am feeling unloved and rejected there is no need to transfer those feelings of sadness on to those of my children left behind who i know do love and appreciate me and their father,Sadness,Sadness,0.931638939422245,True
i can choose to tell the whole word what im feeling now or just fake it with some happy stories,Sadness,Sadness,0.6607372928835744,True
i never dreamed i would be so busy so soon in the new year but i am loving it and feeling so very gracious and fortunate,Joy,Love,0.6100755569347847,False
i am still feeling a tad strange in those pearly whites,Surprise,Fear,0.3459698231564757,False
i feel so pathetic and useless being unable to do anything,Sadness,Sadness,0.9989953504338266,True
ive been doing hour weeks and ill get paid for the extra time but i am starting to feel a bit abused they are putting a lot of pressure on me to look after both kids and do all of the cooking and cleaning,Sadness,Sadness,0.5486499219510623,True
i feel inside cause life is like a game sometimes but then you came around me the walls just disappeared nothing to surround me and keep me from my fears im unprotected see how ive opened up youve made me trust,Fear,Sadness,0.856648249712133,False
i was feeling distracted yesterday,Anger,Anger,0.98191197396672,True
i feel so needy latley,Sadness,Sadness,0.9939389000511752,True
i feel reassured by their behavior on this matter and will definitely continue to do business with them,Joy,Joy,0.9870978372864052,True
i was feeling a bit jaded that day but told myself why the hell not,Sadness,Sadness,0.9640904172782495,True
i feel bouncy and i could easily run out there few hours,Joy,Joy,0.9188635853529252,True
i dont really care and i dont feel proud of myself at all,Joy,Joy,0.933584133233821,True
ive started feeling like almost nothing is worth getting agitated about,Fear,Anger,0.42205117673515286,False
im polyamorous something im starting to feel truly accepted for being,Love,Joy,0.705703096800524,False
i feel like my room is messy if theyre open,Sadness,Sadness,0.7084043951364747,True
i feel rebellious i wish i could do things legally i cant smoke drink or drive,Anger,Anger,0.9902225075836917,True
i don t know what to feel as in i am not sure should i feel sad cause it is ending or should i feel glad that it is over and i can move on,Joy,Joy,0.939243784734172,True
i feel so discontent so guilty so pathetic so lonley and i hate myself for it,Sadness,Sadness,0.999534707078828,True
i do not and they see that nice words keep a heart feeling wonderful,Joy,Joy,0.7167100295871669,True
i didn t feel intimidated or overwhelmed with information though,Fear,Fear,0.9977163195352221,True
i didn t mean to get angry with you bommie i just can t control my feelings hellip i just hated myself why i am like this the dara who can t get over with that b,Sadness,Anger,0.7046780192619347,False
i got into the house feeling fairly calm the photographer is weaving his way in and out of bridesmaids doing touch ups my dad is telling a story my mom is running in and out of the house i manage to go through my list before the bridesmaids start clamoring for the dress,Joy,Joy,0.5163540574398374,True
i feel that i could be gentle you light up my future,Love,Love,0.6514907003648557,True
i feel really selfish and feel guilty when i think about hurting myself,Anger,Sadness,0.7127987550412057,False
i feel so emotional today,Sadness,Sadness,0.9761509671347688,True
i feel foolish when i look at your facebook page and see how many friends you have they all love you so much why would someone like you want me,Sadness,Sadness,0.8473393560892363,True
im feeling good these days and my only complaints are that its getting harder and harder to move around and chase after stone and its getting harder and harder to find clothes that fit,Joy,Joy,0.26829642018671523,True
ive been feeling groggy the whole day,Sadness,Sadness,0.9938483819957503,True
i feel gorgeous yes,Joy,Joy,0.9981924876548441,True
i am feeling a little apprehensive about the whole thing,Fear,Fear,0.9997141473955261,True
i feel that bassanio is sincere about wooing portia,Joy,Joy,0.9855518388934313,True
i just feel so hopeless sometimes,Sadness,Sadness,0.996258872173377,True
i was cooking my dinner feeling pretty melancholy when zane lowe gave it the first spin on his radio one show on tuesday and the song matched my mood perfectly,Sadness,Joy,0.4558837437775432,False
i was gaining weight getting a lot stronger and feeling amazing,Joy,Joy,0.5275264402197741,True
i am feeling amazing and seeing the difference,Surprise,Surprise,0.43014258090667934,True
im feeling playful a href http,Joy,Joy,0.9983116540046489,True
i check you when you re sleeping feel your nose and toes to be sure you aren t too hot or cold,Joy,Love,0.5079783794731174,False
i can send my children to a private school and i don t have to apologize explain or feel embarrassed about this choice,Sadness,Sadness,0.9510701174226053,True
i remember wanting to fit in so bad and feeling like no one liked me,Love,Sadness,0.32876112080008946,False
i also feel it helped the newbie bloggers connect and feel welcomed immediately,Joy,Joy,0.9601597341162403,True
i feel divine in more ways than one,Joy,Joy,0.9969279314294349,True
i was feeling disheartened when going on dates because i didn t feel i was meeting anyone i clicked with or would consider a long term relationship with,Sadness,Sadness,0.9722389669803823,True
i am now and i still feel the aching loneliness of that quiet hospital room,Sadness,Sadness,0.9554376711868229,True
i was feeling especially brave and asked me to take her engagement photos in hawaii,Joy,Joy,0.8753962986259086,True
i see how it turns out i ll talk more about it right now i m feeling proud and scared and a little sick i think that s adrenaline though,Joy,Joy,0.5725717010240973,True
im feeling so damn gloomy too,Sadness,Sadness,0.9938678266481317,True
i can feel the warmth of the gentle sun,Love,Love,0.85300586782577,True
i guess as long as the table in the above is policy discussions and not working and fighting for change within the american theater which i feel im very devoted to i can get behind it though it seems slanted,Love,Love,0.6323237604621343,True
i was feeling more optimistic with blue skies no wind and temperatures hovering at about degrees,Joy,Joy,0.936687281514737,True
i also feel the need to mention that the animators at pixar sure outdid themselves this time,Joy,Joy,0.23616670537450718,True
i was feeling playful that day and replied with a lighthearted bit of banter unwittingly replacing her question mark with a solid check mark my voice was just right for the funny yet informational for dummies series,Joy,Joy,0.8305517221391241,True
i was feeling rather cranky cos i was thinking about the lack of sleep i had bah,Anger,Anger,0.9484829454954539,True
i feel scared anxious,Fear,Fear,0.99979087981612,True
i feel it is really valuable to contemplate on that phrase thy will be done in all of our lives,Joy,Joy,0.9442181721157246,True
i spent last night on the couch feeling like i was suffering from hypothermia while the house remained at a balmy,Sadness,Sadness,0.724364861817126,True
i dont want to always be judgmental of particular men or scenarios that i often see in this area but with so much trafficking forced sex work and what basically amounts to slavery its hard not to feel slightly embittered and disillusioned,Sadness,Sadness,0.8518512968062687,True
i have no strong feelings for this book neither hated nor loved it,Anger,Anger,0.2534053512997891,True
i blunder through my life ignoring the pain when at all possible and feeling only that dull ache like hearing only the slightest echo of a scream far away,Sadness,Sadness,0.9747893605702445,True
im feeling cooped up and impatient and annoyingly bored,Anger,Anger,0.9287927407531735,True
im able to refine my poses and concepts without feeling rushed,Anger,Anger,0.9108288659048689,True
im thinking well i could be a bit smaller but for health reasons and i should see a doctor more regularly because im feeling crappy,Sadness,Sadness,0.5237967800201986,True
i came out of the airport that makes me feel irritable uncomfortable and even sadder,Anger,Anger,0.967263182700656,True
i wasnt feeling sociable i really wasnt,Joy,Joy,0.9905074532193969,True
im feeling scared and the rage filled im mad at me,Fear,Fear,0.8941558767329213,True
i have found myself fighting back as he wakes me from my sleep time and time again feeling the hurt and sting of my own abandonment to my first love,Sadness,Sadness,0.5450760391920318,True
i feel defeated that i have to take advil again but i suppose to get the inflammation down inside as well as outside its necessary,Sadness,Sadness,0.9069933129485043,True
i had that kinda feeling but ignored it,Sadness,Sadness,0.9874821390383477,True
i really feel like they were gentle reminders that while god hasnt always promised an easy road he has promised to be with us as we travel the rough ones,Love,Love,0.6677867212409557,True
i dont blame it all to them and im not angry at them infact i feel fairly sympathetic for them,Love,Love,0.8955311160474144,True
i feel tortured delilahlwl am considering i had one the other day about one of my closest friends raping and killing chicks,Anger,Fear,0.3317104408499922,False
i told my fiance how i am feeling so angry and upset,Anger,Anger,0.9282306876748447,True
i can feel its suffering,Sadness,Sadness,0.9800293411590243,True
i just keep feeling like someone is being unkind to me and doing me wrong and then all i can think of doing is to get back at them and the people they are close to,Anger,Anger,0.45628162317835264,True
im feeling a little cranky negative after this doctors appointment,Anger,Anger,0.8926889170612478,True
i feel that i am useful to my people and that gives me a great feeling of achievement,Joy,Joy,0.9694339389737395,True
im feeling more comfortable with derby i feel as though i can start to step out my shell,Joy,Joy,0.5884176714691983,True
i feel all weird when i have to meet w people i text but like dont talk face to face w,Fear,Fear,0.4197045833296062,True
